순위,종목명,종목코드,종가,시가총액(억원),시장
1,삼성전자,005930,145200,8595314,KOSPI
2,SK하이닉스,000660,743000,5409058,KOSPI
3,현대차,005380,479000,980790,KOSPI
4,LG에너지솔루션,373220,403000,943020,KOSPI
5,삼성바이오로직스,207940,1920000,888786,KOSPI
6,삼성전자우,005935,107100,873909,KOSPI
7,한화에어로스페이스,012450,1309000,674965,KOSPI
8,HD현대중공업,329180,641000,672801,KOSPI
9,기아,000270,163900,639887,KOSPI
10,두산에너빌리티,034020,95300,610455,KOSPI
11,SK스퀘어,402340,427000,564012,KOSPI
12,KB금융,105560,133100,507726,KOSPI
13,삼성물산,028260,296000,503131,KOSPI
14,셀트리온,068270,207000,478089,KOSPI
15,한화오션,042660,147100,450734,KOSPI
16,한국전력,015760,65400,419845,KOSPI
17,현대모비스,012330,451000,409204,KOSPI
18,신한지주,055550,81900,397620,KOSPI
19,NAVER,035420,244000,382720,KOSPI
20,삼성생명,032830,175200,350400,KOSPI
21,고려아연,010130,1621000,338351,KOSPI
22,HD현대일렉트릭,267260,915000,329831,KOSPI
23,HD한국조선해양,009540,443000,313525,KOSPI
24,POSCO홀딩스,005490,357500,289335,KOSPI
25,하나금융지주,086790,100300,279161,KOSPI
26,삼성중공업,010140,30850,271480,KOSPI
27,삼성SDI,006400,326000,262709,KOSPI
28,카카오,035720,59000,261072,KOSPI
29,알테오젠,196170,481000,257363,KOSDAQ GLOBAL
30,LG화학,051910,339000,239308,KOSPI
31,현대로템,064350,218500,238476,KOSPI
32,삼성화재,000810,501000,230516,KOSPI
33,효성중공업,298040,2344000,218567,KOSPI
34,SK,034730,295000,213883,KOSPI
35,삼성전기,009150,282000,210636,KOSPI
36,우리금융지주,316140,28400,208478,KOSPI
37,HD현대,267250,259500,204987,KOSPI
38,HMM,011200,20950,197608,KOSPI
39,현대글로비스,086280,259500,194625,KOSPI
40,메리츠금융지주,138040,106900,187312,KOSPI
41,SK이노베이션,096770,109000,184268,KOSPI
42,포스코퓨처엠,003670,205000,182340,KOSPI
43,미래에셋증권,006800,30700,174095,KOSPI
44,KT&G,033780,146000,172246,KOSPI
45,LG전자,066570,105000,171031,KOSPI
46,한화시스템,272210,90500,170972,KOSPI
47,기업은행,024110,20750,165466,KOSPI
48,한미반도체,042700,172100,164032,KOSPI
49,한국항공우주,047810,165700,161516,KOSPI
50,하이브,352820,370000,157654,KOSPI
51,LS ELECTRIC,010120,525000,157500,KOSPI
52,삼성에피스홀딩스,0126Z0,632000,157261,KOSPI
53,에코프로비엠,247540,160100,156580,KOSDAQ GLOBAL
54,삼성에스디에스,018260,179800,139125,KOSPI
55,KT,030200,55200,139116,KOSPI
56,두산,000150,858000,138943,KOSPI
57,LG,003550,89200,137566,KOSPI
58,SK텔레콤,017670,62200,133599,KOSPI
59,에코프로,086520,98300,133468,KOSDAQ GLOBAL
60,현대오토에버,307950,466500,127933,KOSPI
61,LIG넥스원,079550,550000,121000,KOSPI
62,현대건설,000720,107600,119819,KOSPI
63,크래프톤,259960,239000,113295,KOSPI
64,포스코인터내셔널,047050,63300,111359,KOSPI
65,에이비엘바이오,298380,201000,110802,KOSDAQ
66,카카오뱅크,323410,21650,103273,KOSPI
67,S-Oil,010950,90600,102000,KOSPI
68,한국금융지주,071050,183000,101979,KOSPI
69,현대차2우B,005387,291500,101920,KOSPI
70,레인보우로보틱스,277810,523000,101461,KOSDAQ
71,한화,000880,124600,93399,KOSPI
72,SK바이오팜,326030,119200,93349,KOSPI
73,에이피알,278470,247000,92454,KOSPI
74,삼양식품,003230,1223000,92129,KOSPI
75,DB손해보험,005830,128900,91261,KOSPI
76,대한항공,003490,24450,90030,KOSPI
77,한진칼,180640,130400,87058,KOSPI
78,키움증권,039490,320500,86617,KOSPI
79,유한양행,000100,107400,85886,KOSPI
80,HD현대마린솔루션,443060,191000,85628,KOSPI
81,이수페타시스,007660,112500,82585,KOSPI
82,NH투자증권,005940,22900,81603,KOSPI
83,한국타이어앤테크놀로지,161390,65500,81138,KOSPI
84,두산로보틱스,454910,118100,76552,KOSPI
85,삼성증권,016360,82800,73940,KOSPI
86,카카오페이,377300,53800,72708,KOSPI
87,아모레퍼시픽,090430,121300,70952,KOSPI
88,LS,006260,222000,70374,KOSPI
89,HLB,028300,52100,69155,KOSDAQ
90,LG씨엔에스,064400,69800,67626,KOSPI
91,LG유플러스,032640,15430,66323,KOSPI
92,현대차우,005385,284000,66288,KOSPI
93,LG이노텍,011070,280000,66268,KOSPI
94,삼천당제약,000250,275000,64508,KOSDAQ
95,포스코DX,022100,41700,63398,KOSPI
96,LG디스플레이,034220,12470,62350,KOSPI
97,삼성카드,029780,53600,62100,KOSPI
98,코오롱티슈진,950160,74200,61750,KOSDAQ
99,리가켐바이오,141080,166700,61029,KOSDAQ GLOBAL
100,두산밥캣,241560,60900,58376,KOSPI
101,펩트론,087010,246000,57361,KOSDAQ
102,한미약품,128940,445000,57009,KOSPI
103,GS,078930,60800,56493,KOSPI
104,코웨이,021240,77200,55514,KOSPI
105,한전기술,052690,144700,55304,KOSPI
106,CJ,001040,189500,55290,KOSPI
107,맥쿼리인프라,088980,11420,54693,KOSPI
108,대한전선,001440,27950,52112,KOSPI
109,엔씨소프트,036570,234000,50413,KOSPI
110,삼성E&A,028050,25700,50372,KOSPI
111,리노공업,058470,64500,49157,KOSDAQ GLOBAL
112,한화솔루션,009830,28100,48302,KOSPI
113,BNK금융지주,138930,15350,47635,KOSPI
114,엘앤에프,066970,114600,46105,KOSPI
115,한화엔진,082740,54700,45646,KOSPI
116,오리온,271560,115200,45546,KOSPI
117,JB금융지주,175330,23600,44813,KOSPI
118,산일전기,062040,147100,44785,KOSPI
119,파마리서치,214450,424500,44104,KOSDAQ GLOBAL
120,넷마블,251270,51000,43836,KOSPI
121,에코프로머티,450080,61500,43394,KOSPI
122,현대무벡스,319400,38950,43381,KOSDAQ
123,SKC,011790,111900,42375,KOSPI
124,현대제철,004020,31650,42236,KOSPI
125,LG생활건강,051900,270000,41317,KOSPI
126,케어젠,214370,76800,41253,KOSDAQ
127,SK바이오사이언스,302440,50000,39217,KOSPI
128,디앤디파마텍,347850,89700,39051,KOSDAQ
129,KCC,002380,438000,38923,KOSPI
130,클래시스,214150,58800,38517,KOSDAQ GLOBAL
131,강원랜드,035250,17940,38381,KOSPI
132,로보티즈,108490,261500,38101,KOSDAQ
133,한국가스공사,036460,40800,37664,KOSPI
134,금호석유화학,011780,142400,37069,KOSPI
135,DB하이텍,000990,84700,36848,KOSPI
136,영원무역,111770,83000,36779,KOSPI
137,원익IPS,240810,74800,36715,KOSDAQ GLOBAL
138,현대엘리베이터,017800,92600,36200,KOSPI
139,에임드바이오,0009K0,55700,36022,KOSDAQ
140,이오테크닉스,039030,289500,35665,KOSDAQ GLOBAL
141,보로노이,310210,193000,35499,KOSDAQ
142,풍산,103140,124700,34946,KOSPI
143,서울보증보험,031210,48650,33968,KOSPI
144,한온시스템,018880,3230,33148,KOSPI
145,원익홀딩스,030530,42850,33096,KOSDAQ
146,CJ제일제당,097950,213000,32065,KOSPI
147,HD현대마린엔진,071970,94000,31886,KOSPI
148,롯데케미칼,011170,73500,31440,KOSPI
149,롯데지주,004990,29250,30686,KOSPI
150,에스원,012750,79300,30133,KOSPI
151,일진전기,103590,62700,29899,KOSPI
152,HL만도,204320,63600,29865,KOSPI
153,더존비즈온,012510,97800,29714,KOSPI
154,한솔케미칼,014680,261000,29585,KOSPI
155,메지온,140410,96300,29240,KOSDAQ
156,휴젤,145020,237500,29222,KOSDAQ GLOBAL
157,HPSP,403870,33800,28260,KOSDAQ GLOBAL
158,올릭스,226950,138700,28003,KOSDAQ
159,한화생명,088350,3190,27706,KOSPI
160,한미사이언스,008930,40400,27630,KOSPI
161,신세계,004170,282500,27248,KOSPI
162,대한조선,439260,70400,27123,KOSPI
163,한전KPS,051600,59900,26955,KOSPI
164,셀트리온제약,068760,61400,26821,KOSDAQ
165,실리콘투,257720,43700,26732,KOSDAQ
166,펄어비스,263750,41600,26727,KOSDAQ GLOBAL
167,효성,004800,159400,26684,KOSPI
168,한화비전,489790,52800,26658,KOSPI
169,세아베스틸지주,001430,73600,26395,KOSPI
170,신영증권,001720,159000,26140,KOSPI
171,HD현대인프라코어,042670,13800,26061,KOSPI
172,에스엠,041510,113400,25963,KOSDAQ GLOBAL
173,동서,026960,26000,25922,KOSPI
174,한올바이오파마,009420,49500,25859,KOSPI
175,에스티팜,237690,123800,25629,KOSDAQ GLOBAL
176,한국앤컴퍼니,000240,26750,25395,KOSPI
177,농심,004370,415500,25273,KOSPI
178,이수스페셜티케미컬,457190,83500,25224,KOSPI
179,영원무역홀딩스,009970,185100,24987,KOSPI
180,F&F,383220,65100,24938,KOSPI
181,두산퓨얼셀,336260,38000,24888,KOSPI
182,현대해상,001450,27750,24808,KOSPI
183,JYP Ent.,035900,69500,24695,KOSDAQ GLOBAL
184,대덕전자,353200,49450,24437,KOSPI
185,솔브레인,357780,309500,24075,KOSDAQ GLOBAL
186,제일기획,030000,20900,24044,KOSPI
187,미스토홀딩스,081660,45250,24024,KOSPI
188,팬오션,028670,4465,23869,KOSPI
189,현대위아,011210,87400,23769,KOSPI
190,에스피지,058610,106400,23597,KOSDAQ
191,오름테라퓨틱,475830,110400,23441,KOSDAQ
192,이마트,139480,84000,23180,KOSPI
193,에스엘,005850,49900,23178,KOSPI
194,HJ중공업,097230,25250,22800,KOSPI
195,iM금융지주,139130,14180,22777,KOSPI
196,알지노믹스,476830,161300,22475,KOSDAQ
197,삼현,437730,70200,22259,KOSDAQ
198,CJ대한통운,000120,96900,22105,KOSPI
199,코리안리,003690,11220,21859,KOSPI
200,OCI홀딩스,010060,115200,21508,KOSPI
201,롯데쇼핑,023530,75500,21358,KOSPI
202,현대백화점,069960,93400,21135,KOSPI
203,ISC,095340,99300,21049,KOSDAQ GLOBAL
204,SK가스,018670,227500,21033,KOSPI
205,두산우,000155,525000,20981,KOSPI
206,코스맥스,192820,184300,20917,KOSPI
207,대우건설,047040,5020,20864,KOSPI
208,아모레퍼시픽홀딩스,002790,26000,20659,KOSPI
209,고영,098460,29900,20528,KOSDAQ
210,SK아이이테크놀로지,361610,25050,20488,KOSPI
211,BGF리테일,282330,117800,20360,KOSPI
212,시프트업,462870,34450,20312,KOSPI
213,동진쎄미켐,005290,39450,20283,KOSDAQ
214,큐리옥스바이오시스템즈,445680,117700,20150,KOSDAQ
215,하이젠알앤엠,160190,65100,20108,KOSDAQ
216,HD현대건설기계,267270,115800,20100,KOSPI
217,휴림로봇,090710,16650,19890,KOSDAQ
218,비에이치아이,083650,64000,19804,KOSDAQ
219,대웅제약,069620,164900,19106,KOSPI
220,한국카본,017960,36300,18843,KOSPI
221,티씨케이,064760,167400,18714,KOSDAQ GLOBAL
222,녹십자,006280,158500,18523,KOSPI
223,클로봇,466100,73600,18394,KOSDAQ
224,심텍,222800,49250,18391,KOSDAQ GLOBAL
225,동원산업,006040,41450,18299,KOSPI
226,유진테크,084370,79400,18195,KOSDAQ
227,호텔신라,008770,46300,18172,KOSPI
228,다우기술,023590,40500,18171,KOSPI
229,롯데에너지머티리얼즈,020150,34250,17935,KOSPI
230,SNT다이내믹스,003570,53600,17823,KOSPI
231,달바글로벌,483650,143000,17652,KOSPI
232,GS리테일,007070,21100,17641,KOSPI
233,금호타이어,073240,6110,17552,KOSPI
234,미래에셋증권2우B,00680K,12840,17550,KOSPI
235,씨어스테크놀로지,458870,136800,17327,KOSDAQ
236,테크윙,089030,46750,17323,KOSDAQ
237,하나마이크론,067310,26000,17258,KOSDAQ
238,롯데관광개발,032350,21650,17220,KOSPI
239,씨에스윈드,112610,40800,17206,KOSPI
240,SK리츠,395400,5690,17068,KOSPI
241,오스코텍,039200,44500,17025,KOSDAQ
242,DL이앤씨,375500,43950,17006,KOSPI
243,파크시스템스,140860,234000,16372,KOSDAQ GLOBAL
244,신성델타테크,065350,59300,16298,KOSDAQ
245,GS건설,006360,18810,16098,KOSPI
246,파라다이스,034230,17420,16097,KOSPI
247,아시아나항공,020560,7750,15964,KOSPI
248,서진시스템,178320,28550,15952,KOSDAQ
249,미래에셋생명,085620,9010,15949,KOSPI
250,오뚜기,007310,388000,15550,KOSPI
251,LS마린솔루션,060370,29450,15384,KOSDAQ
252,한국콜마,161890,64900,15320,KOSPI
253,가온전선,000500,92500,15302,KOSPI
254,코스모신소재,005070,46150,15004,KOSPI
255,STX엔진,077970,37150,14915,KOSPI
256,리브스메드,491000,60000,14809,KOSDAQ
257,쎄트렉아이,099320,134800,14762,KOSDAQ
258,주성엔지니어링,036930,31200,14748,KOSDAQ GLOBAL
259,DN오토모티브,007340,25000,14628,KOSPI
260,엠앤씨솔루션,484870,159500,14600,KOSPI
261,LX인터내셔널,001120,37650,14593,KOSPI
262,에스앤에스텍,101490,66800,14252,KOSDAQ
263,코리아써키트,007810,60300,14243,KOSPI
264,대신증권,003540,27800,14115,KOSPI
265,엔켐,348370,63100,13787,KOSDAQ
266,스튜디오드래곤,253450,45850,13782,KOSDAQ GLOBAL
267,CJ ENM,035760,62800,13772,KOSDAQ GLOBAL
268,지투지바이오,456160,83400,13695,KOSDAQ
269,태성,323280,44700,13634,KOSDAQ
270,엘앤씨바이오,290650,54000,13415,KOSDAQ
271,HDC현대산업개발,294870,20350,13412,KOSPI
272,HK이노엔,195940,47100,13343,KOSDAQ GLOBAL
273,현대지에프홀딩스,005440,8550,13330,KOSPI
274,우리기술,032820,7980,13307,KOSDAQ
275,오리온홀딩스,001800,21100,13218,KOSPI
276,LG화학우,051915,170200,13086,KOSPI
277,와이지엔터테인먼트,122870,70000,13084,KOSDAQ
278,네이처셀,007390,20100,12951,KOSDAQ
279,대웅,003090,22250,12937,KOSPI
280,카카오게임즈,293490,14330,12866,KOSDAQ GLOBAL
281,지역난방공사,071320,110700,12818,KOSPI
282,피에스케이홀딩스,031980,59200,12765,KOSDAQ
283,차바이오텍,085660,15950,12657,KOSDAQ
284,하이트진로,000080,18030,12645,KOSPI
285,효성티앤씨,298020,292000,12637,KOSPI
286,씨젠,096530,24100,12586,KOSDAQ
287,일동제약,249420,39750,12576,KOSPI
288,한일시멘트,300720,16970,12481,KOSPI
289,SK오션플랜트,100090,19960,12471,KOSPI
290,롯데리츠,330590,4310,12455,KOSPI
291,하림지주,003380,11110,12444,KOSDAQ GLOBAL
292,KB발해인프라,415640,9940,12181,KOSPI
293,롯데칠성,005300,130200,12081,KOSPI
294,코오롱인더,120110,43700,12026,KOSPI
295,와이씨,232140,14450,11856,KOSDAQ
296,LS에코에너지,229640,38500,11791,KOSPI
297,유진로봇,056080,31400,11779,KOSDAQ
298,종근당,185750,85300,11774,KOSPI
299,교보증권,030610,10280,11715,KOSPI
300,SK케미칼,285130,67300,11642,KOSPI
301,피에스케이,319660,40050,11601,KOSDAQ GLOBAL
302,삼성화재우,000815,373500,11577,KOSPI
303,롯데정밀화학,004000,44650,11520,KOSPI
304,SK디스커버리,006120,62400,11449,KOSPI
305,루닛,328130,39050,11425,KOSDAQ
306,세진중공업,075580,20050,11398,KOSPI
307,제이앤티씨,204270,19670,11379,KOSDAQ
308,유일로보틱스,388720,96400,11276,KOSDAQ
309,에이프릴바이오,397030,48200,11186,KOSDAQ
310,롯데렌탈,089860,30300,11002,KOSPI
311,동양생명,082640,6760,10908,KOSPI
312,ESR켄달스퀘어리츠,365550,4425,10889,KOSPI
313,더블유게임즈,192080,50400,10834,KOSPI
314,로킷헬스케어,376900,69100,10822,KOSDAQ
315,한화투자증권,003530,5040,10813,KOSPI
316,에이치브이엠,295310,90500,10771,KOSDAQ
317,뉴로메카,348340,93400,10713,KOSDAQ
318,큐리언트,115180,28800,10707,KOSDAQ
319,씨엠티엑스,388210,115200,10682,KOSDAQ
320,앱클론,174900,53600,10671,KOSDAQ
321,한샘,009240,44900,10567,KOSPI
322,파두,440110,21250,10517,KOSDAQ
323,레이크머티리얼즈,281740,15970,10497,KOSDAQ
324,젬백스,082270,24300,10371,KOSDAQ
325,에스디바이오센서,137310,8470,10312,KOSPI
326,하나머티리얼즈,166090,52000,10284,KOSDAQ GLOBAL
327,제주반도체,080220,29800,10264,KOSDAQ
328,롯데웰푸드,280360,110300,10263,KOSPI
329,대한유화,006650,156900,10198,KOSPI
330,SK네트웍스,001740,4605,10190,KOSPI
331,두산테스나,131970,52700,10185,KOSDAQ GLOBAL
332,필옵틱스,161580,43000,10063,KOSDAQ
333,HDC,012630,16820,10049,KOSPI
334,SNT모티브,064960,37800,10032,KOSPI
335,한화3우B,00088K,51500,9993,KOSPI
336,NHN,181710,30500,9990,KOSPI
337,CJ CGV,079160,6030,9985,KOSPI
338,코미코,183300,95100,9948,KOSDAQ GLOBAL
339,인벤티지랩,389470,79600,9939,KOSDAQ
340,대주전자재료,078600,63200,9784,KOSDAQ
341,NICE평가정보,030190,16450,9691,KOSPI
342,쿠쿠홀딩스,192400,27200,9673,KOSPI
343,영풍,000670,53400,9654,KOSPI
344,테스,095610,48650,9617,KOSDAQ
345,노타,486990,44850,9564,KOSDAQ
346,성호전자,043260,13400,9504,KOSDAQ
347,피엔티,137400,39950,9464,KOSDAQ GLOBAL
348,에스에프에이,056190,25850,9282,KOSDAQ GLOBAL
349,HS효성첨단소재,298050,207000,9273,KOSPI
350,SNT홀딩스,036530,56800,9261,KOSPI
351,지아이이노베이션,358570,14480,9249,KOSDAQ
352,RFHIC,218410,34800,9223,KOSDAQ
353,스피어,347700,19740,9211,KOSDAQ
354,프로티나,468530,83500,9134,KOSDAQ
355,비츠로셀,082920,20000,9068,KOSDAQ
356,LS머트리얼즈,417200,13400,9065,KOSDAQ
357,LG전자우,066575,52700,9057,KOSPI
358,서부T&D,006730,13940,9051,KOSDAQ
359,세방전지,004490,63300,8862,KOSPI
360,위메이드,112040,26100,8861,KOSDAQ
361,명인제약,317450,60200,8789,KOSPI
362,해성디에스,195870,51500,8755,KOSPI
363,덕산네오룩스,213420,35050,8703,KOSDAQ GLOBAL
364,로보스타,090360,88600,8638,KOSDAQ
365,SFA반도체,036540,5250,8634,KOSDAQ
366,메디톡스,086900,118000,8612,KOSDAQ
367,온코닉테라퓨틱스,476060,19250,8564,KOSDAQ
368,LX세미콘,108320,52000,8457,KOSPI
369,SNT에너지,100840,40850,8448,KOSPI
370,태광산업,003240,755000,8406,KOSPI
371,세미파이브,490470,24900,8394,KOSDAQ
372,동성화인텍,033500,27800,8337,KOSDAQ
373,GKL,114090,13360,8264,KOSPI
374,경동나비엔,009450,56700,8260,KOSPI
375,재영솔루텍,049630,7060,8253,KOSDAQ
376,이뮨온시아,424870,11070,8210,KOSDAQ
377,후성,093370,7600,8151,KOSPI
378,넥센타이어,002350,8340,8146,KOSPI
379,GS피앤엘,499790,41050,8141,KOSPI
380,넥슨게임즈,225570,12340,8127,KOSDAQ
381,디어유,376300,34150,8107,KOSDAQ
382,한국금융지주우,071055,137800,8073,KOSPI
383,디아이,003160,28450,8051,KOSPI
384,솔브레인홀딩스,036830,38300,8029,KOSDAQ GLOBAL
385,케이씨텍,281820,38650,7997,KOSPI
386,성광벤드,014620,30050,7980,KOSDAQ
387,인텔리안테크,189300,74000,7943,KOSDAQ
388,인투셀,287840,52900,7935,KOSDAQ
389,파미셀,005690,13130,7880,KOSPI
390,유안타증권,003470,3935,7854,KOSPI
391,한화리츠,451800,4355,7822,KOSPI
392,DL,000210,37050,7764,KOSPI
393,넥스틴,348210,74000,7753,KOSDAQ GLOBAL
394,보령,003850,9010,7729,KOSPI
395,F&F홀딩스,007700,19690,7702,KOSPI
396,카페24,042000,31750,7700,KOSDAQ
397,코스메카코리아,241710,71700,7658,KOSDAQ
398,대상,001680,21900,7588,KOSPI
399,아난티,025980,7960,7538,KOSDAQ
400,동국제약,086450,16660,7535,KOSDAQ GLOBAL
401,SOOP,067160,65500,7529,KOSDAQ GLOBAL
402,포스코엠텍,009520,18060,7521,KOSDAQ GLOBAL
403,TKG휴켐스,069260,18360,7505,KOSPI
404,한국단자,025540,74100,7495,KOSPI
405,아이티센글로벌,124500,32250,7483,KOSDAQ
406,이노션,214320,18560,7424,KOSPI
407,케이카,381970,15100,7372,KOSPI
408,원텍,336570,8190,7368,KOSDAQ
409,티에스이,131290,66500,7356,KOSDAQ
410,빙그레,005180,76800,7339,KOSPI
411,솔루엠,248070,15310,7321,KOSPI
412,동원시스템즈,014820,25200,7306,KOSPI
413,KG모빌리티,003620,3600,7285,KOSPI
414,한라캐스트,125490,19900,7264,KOSDAQ
415,전진건설로봇,079900,49350,7201,KOSPI
416,태광,023160,26850,7115,KOSDAQ
417,미래에셋벤처투자,100790,13330,7082,KOSDAQ
418,가온칩스,399720,60700,7041,KOSDAQ
419,하나투어,039130,45450,7040,KOSPI
420,다우데이타,032190,18170,6959,KOSDAQ
421,미원상사,002840,146500,6959,KOSPI
422,녹십자홀딩스,005250,14760,6941,KOSPI
423,아이에스동서,010780,22950,6928,KOSPI
424,에프에스티,036810,31500,6916,KOSDAQ
425,미원에스씨,268280,137900,6895,KOSPI
426,현대힘스,460930,19320,6861,KOSDAQ
427,큐로셀,372320,47450,6848,KOSDAQ
428,신한알파리츠,293940,5640,6821,KOSPI
429,JW중외제약,001060,29150,6788,KOSPI
430,CJ4우(전환),00104K,160400,6779,KOSPI
431,동아쏘시오홀딩스,000640,103700,6778,KOSPI
432,신풍제약,019170,12780,6771,KOSPI
433,SK이터닉스,475150,20000,6751,KOSPI
434,프레스티지바이오파마,950210,11220,6743,KOSPI
435,펌텍코리아,251970,54200,6721,KOSDAQ
436,부국증권,001270,64700,6709,KOSPI
437,태웅,044490,33500,6702,KOSDAQ
438,율촌화학,008730,27000,6696,KOSPI
439,삼양바이오팜,0120G0,89500,6655,KOSPI
440,한화손해보험,000370,5690,6642,KOSPI
441,안랩,053800,59500,6620,KOSDAQ
442,제룡전기,033100,41000,6586,KOSDAQ
443,이엔에프테크놀로지,102710,46050,6580,KOSDAQ
444,기가비스,420770,51500,6528,KOSDAQ
445,현대홈쇼핑,057050,54400,6528,KOSPI
446,제이에스링크,127120,20200,6515,KOSDAQ
447,아이쓰리시스템,214430,88600,6474,KOSDAQ
448,브이엠,089970,26500,6469,KOSDAQ
449,현대차3우B,005389,277500,6459,KOSPI
450,코나아이,052400,44050,6415,KOSDAQ
451,넥스트바이오메디컬,389650,77600,6366,KOSDAQ
452,우리기술투자,041190,7540,6334,KOSDAQ
453,금양,001570,9900,6333,KOSPI
454,OCI,456040,70500,6312,KOSPI
455,HD현대에너지솔루션,322000,56200,6294,KOSPI
456,LX홀딩스,383800,8250,6293,KOSPI
457,나노신소재,121600,51500,6289,KOSDAQ
458,코오롱생명과학,102940,48600,6273,KOSDAQ
459,케이엠더블유,032500,15320,6270,KOSDAQ
460,성일하이텍,365340,51200,6265,KOSDAQ
461,휴온스글로벌,084110,49350,6248,KOSDAQ
462,세아홀딩스,058650,155000,6200,KOSPI
463,티로보틱스,117730,28400,6199,KOSDAQ
464,대한해운,005880,1920,6197,KOSPI
465,카프로,006380,3660,6185,KOSPI
466,비츠로넥스텍,488900,21300,6172,KOSDAQ
467,큐렉소,060280,14930,6135,KOSDAQ
468,인카금융서비스,211050,12400,6109,KOSDAQ
469,토모큐브,475960,45500,6061,KOSDAQ
470,원익QnC,074600,23000,6046,KOSDAQ GLOBAL
471,케이아이엔엑스,093320,123300,6017,KOSDAQ
472,아세아,002030,287000,5948,KOSPI
473,NHN KCP,060250,14810,5948,KOSDAQ
474,성우하이텍,015750,7370,5896,KOSDAQ
475,비나텍,126340,87500,5892,KOSDAQ
476,메디포스트,078160,15000,5881,KOSDAQ
477,지엔씨에너지,119850,35750,5880,KOSDAQ
478,천보,278280,50200,5869,KOSDAQ
479,브이티,018290,16780,5863,KOSDAQ
480,한세실업,105630,14590,5836,KOSPI
481,코오롱,002020,45000,5808,KOSPI
482,고려제강,002240,21450,5792,KOSPI
483,동운아나텍,094170,27650,5782,KOSDAQ
484,삼표시멘트,038500,5350,5774,KOSDAQ
485,삼양컴텍,484590,13940,5745,KOSDAQ
486,코스모화학,005420,14940,5738,KOSPI
487,한국쉘석유,002960,436500,5674,KOSPI
488,씨아이에스,222080,7310,5656,KOSDAQ GLOBAL
489,풍산홀딩스,005810,39200,5652,KOSPI
490,E1,017940,82300,5646,KOSPI
491,대신증권우,003545,21650,5629,KOSPI
492,네오위즈,095660,25750,5628,KOSDAQ
493,HLB제약,047920,17040,5589,KOSDAQ
494,제이알글로벌리츠,348950,2825,5576,KOSPI
495,엔젤로보틱스,455900,36600,5570,KOSDAQ
496,한글과컴퓨터,030520,23000,5561,KOSDAQ GLOBAL
497,지노믹트리,228760,22800,5559,KOSDAQ
498,티엘비,356860,56400,5546,KOSDAQ
499,비에이치,090460,16360,5515,KOSPI
500,현대바이오,048410,5740,5513,KOSDAQ
501,퓨쳐켐,220100,24450,5484,KOSDAQ
502,코미팜,041960,7420,5482,KOSDAQ
503,엠씨넥스,097520,31450,5473,KOSPI
504,나라스페이스테크놀로지,478340,46650,5380,KOSDAQ
505,다날,064260,7120,5353,KOSDAQ
506,KG스틸,016380,5300,5300,KOSPI
507,솔루스첨단소재,336370,7540,5294,KOSPI
508,바이오노트,377740,5180,5287,KOSPI
509,현대차증권,001500,8540,5281,KOSPI
510,툴젠,199800,58800,5277,KOSDAQ
511,티웨이항공,091810,1561,5245,KOSPI
512,신대양제지,016590,12950,5219,KOSPI
513,HLB생명과학,067630,4280,5218,KOSDAQ
514,롯데손해보험,000400,1677,5204,KOSPI
515,덴티움,145720,46750,5175,KOSPI
516,파이버프로,368770,15650,5142,KOSDAQ
517,삼천리,004690,126400,5126,KOSPI
518,쿠쿠홈시스,284740,22800,5116,KOSPI
519,켐트로닉스,089010,31250,5106,KOSDAQ
520,LF,093050,17440,5099,KOSPI
521,세아제강지주,003030,123100,5098,KOSPI
522,위메이드맥스,101730,6080,5095,KOSDAQ
523,우진,105840,25200,5090,KOSPI
524,이녹스첨단소재,272290,25500,5082,KOSDAQ GLOBAL
525,선익시스템,171090,52800,5048,KOSDAQ
526,씨메스,475400,42950,5026,KOSDAQ
527,에코프로에이치엔,383310,23950,5023,KOSDAQ
528,퍼시스,016800,43650,5020,KOSPI
529,시노펙스,025320,5720,5018,KOSDAQ
530,자화전자,033240,23050,5015,KOSPI
531,이노스페이스,462350,24200,4990,KOSDAQ
532,드림텍,192650,7240,4988,KOSPI
533,풀무원,017810,13060,4979,KOSPI
534,GST,083450,26950,4967,KOSDAQ
535,일진하이솔루스,271940,13670,4964,KOSPI
536,현대그린푸드,453340,15060,4943,KOSPI
537,에스티큐브,052020,7270,4942,KOSDAQ
538,명신산업,009900,9380,4922,KOSPI
539,에코마케팅,230360,15850,4913,KOSDAQ
540,태영건설,009410,1649,4907,KOSPI
541,한일홀딩스,003300,15840,4884,KOSPI
542,DB증권,016610,11440,4856,KOSPI
543,맵스리얼티,094800,5230,4855,KOSPI
544,유니드,014830,71400,4832,KOSPI
545,아스테라시스,450950,12850,4820,KOSDAQ
546,NICE,034310,13060,4800,KOSPI
547,조광피혁,004700,72000,4787,KOSPI
548,디아이씨,092200,12300,4783,KOSPI
549,동아에스티,170900,51000,4770,KOSPI
550,감성코퍼레이션,036620,5260,4760,KOSDAQ
551,네오셈,253590,10830,4751,KOSDAQ
552,삼양사,145990,46000,4744,KOSPI
553,아모레퍼시픽우,090435,44700,4719,KOSPI
554,쓰리빌리언,394800,14830,4710,KOSDAQ
555,제주항공,089590,5810,4685,KOSPI
556,신도리코,029530,46100,4647,KOSPI
557,한국피아이엠,448900,77200,4635,KOSDAQ
558,제우스,079370,14930,4631,KOSDAQ
559,에스비비테크,389500,73100,4630,KOSDAQ
560,PI첨단소재,178920,15710,4613,KOSPI
561,삼양홀딩스,000070,59400,4611,KOSPI
562,바이넥스,053030,14070,4599,KOSDAQ
563,에이디테크놀로지,200710,34200,4597,KOSDAQ
564,쏠리드,050890,7530,4575,KOSDAQ
565,휴메딕스,200670,40600,4559,KOSDAQ
566,나우로보틱스,459510,35150,4554,KOSDAQ
567,YG PLUS,037270,7150,4552,KOSPI
568,에스티아이,039440,29200,4528,KOSDAQ
569,신라젠,215600,3275,4524,KOSDAQ
570,엠로,058970,36450,4505,KOSDAQ
571,아이티켐,309710,35050,4480,KOSDAQ
572,한국기업평가,034950,98400,4468,KOSDAQ
573,천일고속,000650,312000,4459,KOSPI
574,슈어소프트테크,298830,8330,4453,KOSDAQ
575,스맥,099440,6510,4443,KOSDAQ
576,제주은행,006220,11710,4426,KOSPI
577,삼성FN리츠,448730,4855,4420,KOSPI
578,SPC삼립,005610,50800,4384,KOSPI
579,아세아시멘트,183190,11860,4380,KOSPI
580,미코,059090,13100,4378,KOSDAQ
581,애경케미칼,161000,8930,4344,KOSPI
582,KCC글라스,344820,27050,4320,KOSPI
583,가비아,079940,31950,4288,KOSDAQ
584,그린광학,0015G0,36550,4277,KOSDAQ
585,한양이엔지,045100,23750,4275,KOSDAQ
586,대한광통신,010170,3235,4270,KOSDAQ
587,코람코라이프인프라리츠,357120,4385,4268,KOSPI
588,유티아이,179900,21550,4265,KOSDAQ
589,HL홀딩스,060980,46200,4257,KOSPI
590,티엠씨,217590,17600,4241,KOSPI
591,웹젠,069080,12230,4232,KOSDAQ GLOBAL
592,한중엔시에스,107640,46650,4229,KOSDAQ
593,현대약품,004310,13170,4214,KOSPI
594,서연이화,200880,15590,4214,KOSPI
595,원익머트리얼즈,104830,33350,4205,KOSDAQ
596,인화정공,101930,45500,4201,KOSDAQ
597,한전산업,130660,12870,4196,KOSPI
598,스틱인베스트먼트,026890,10060,4193,KOSPI
599,모베이스전자,012860,5720,4189,KOSDAQ
600,아이센스,099190,15120,4174,KOSDAQ
601,씨앤씨인터내셔널,352480,30550,4164,KOSDAQ
602,유바이오로직스,206650,11350,4162,KOSDAQ
603,동화기업,025900,8210,4151,KOSDAQ GLOBAL
604,코세스,089890,24900,4130,KOSDAQ
605,샘씨엔에스,252990,7050,4116,KOSDAQ
606,동국제강,460860,8280,4108,KOSPI
607,농심홀딩스,072710,88100,4086,KOSPI
608,인바디,041830,30300,4085,KOSDAQ
609,데브시스터즈,194480,33550,4069,KOSDAQ
610,나이벡,138610,35800,4069,KOSDAQ
611,에스에이엠티,031330,4060,4060,KOSDAQ
612,두산2우B,000157,454000,4054,KOSPI
613,메가스터디교육,215200,39100,4053,KOSDAQ GLOBAL
614,쏘카,403550,12300,4040,KOSPI
615,한텍,098070,36300,4037,KOSDAQ
616,티에프이,425420,33600,4019,KOSDAQ
617,DI동일,001530,20350,4015,KOSPI
618,컴투스,078340,31300,3987,KOSDAQ GLOBAL
619,인탑스,049070,23150,3982,KOSDAQ
620,아주IB투자,027360,3280,3974,KOSDAQ
621,에스바이오메딕스,304360,32350,3954,KOSDAQ
622,프로텍,053610,35900,3949,KOSDAQ
623,흥아해운,003280,1637,3936,KOSPI
624,NH투자증권우,005945,20650,3897,KOSPI
625,국일제지,078130,345,3890,KOSDAQ
626,한화갤러리아,452260,2005,3887,KOSPI
627,오리엔탈정공,014940,8520,3883,KOSDAQ
628,수산인더스트리,126720,27100,3872,KOSPI
629,파트론,091700,7020,3861,KOSDAQ GLOBAL
630,에스오에스랩,464080,21650,3853,KOSDAQ
631,부광약품,003000,3895,3843,KOSPI
632,신세계인터내셔날,031430,10860,3838,KOSPI
633,보성파워텍,006910,7800,3832,KOSDAQ
634,안트로젠,065660,38250,3827,KOSDAQ
635,큐리오시스,494120,50200,3823,KOSDAQ
636,케이프,064820,12350,3816,KOSDAQ
637,와이바이오로직스,338840,25050,3802,KOSDAQ
638,HLB이노베이션,024850,2585,3797,KOSDAQ
639,하이록코리아,013030,32250,3795,KOSDAQ
640,HEM파마,376270,53000,3794,KOSDAQ
641,갤럭시아머니트리,094480,9650,3786,KOSDAQ
642,INVENI,015360,66400,3785,KOSPI
643,케이엔알시스템,199430,34350,3778,KOSDAQ
644,KISCO홀딩스,001940,26600,3771,KOSPI
645,BGF,027410,3935,3766,KOSPI
646,칩스앤미디어,094360,17600,3745,KOSDAQ
647,예스티,122640,17530,3743,KOSDAQ
648,강원에너지,114190,14300,3736,KOSDAQ
649,서희건설,035890,1623,3730,KOSDAQ
650,TCC스틸,002710,14130,3704,KOSPI
651,케이씨,029460,27950,3698,KOSPI
652,바이오다인,314930,12400,3691,KOSDAQ
653,지씨셀,144510,23350,3689,KOSDAQ
654,콜마비앤에이치,200130,12520,3683,KOSDAQ GLOBAL
655,SAMG엔터,419530,37450,3679,KOSDAQ
656,진에어,272450,7030,3670,KOSPI
657,월덱스,101160,22150,3657,KOSDAQ
658,네패스,033640,15830,3650,KOSDAQ
659,삼아알미늄,006110,24800,3649,KOSPI
660,한국철강,104700,10000,3645,KOSPI
661,일진홀딩스,015860,7380,3642,KOSPI
662,티앤엘,340570,44500,3617,KOSDAQ
663,삼성전기우,009155,124200,3610,KOSPI
664,코람코더원리츠,417310,8900,3596,KOSPI
665,더본코리아,475560,24200,3576,KOSPI
666,더핑크퐁컴퍼니,403850,24900,3573,KOSDAQ
667,파인엠텍,441270,9010,3556,KOSDAQ
668,KB스타리츠,432320,3490,3539,KOSPI
669,그래피,318060,31750,3530,KOSDAQ
670,에이스침대,003800,31650,3510,KOSDAQ
671,유진투자증권,001200,3620,3507,KOSPI
672,현대퓨처넷,126560,3180,3504,KOSPI
673,영진약품,003520,1916,3504,KOSPI
674,링크솔루션,474650,62100,3493,KOSDAQ
675,덕산테코피아,317330,17010,3483,KOSDAQ
676,DXVX,180400,3520,3465,KOSDAQ
677,KH바텍,060720,14590,3455,KOSDAQ
678,SBS,034120,18550,3441,KOSPI
679,대상홀딩스,084690,9490,3437,KOSPI
680,피노,033790,5050,3436,KOSDAQ
681,서울반도체,046890,5880,3428,KOSDAQ GLOBAL
682,SK증권,001510,725,3426,KOSPI
683,테라뷰,950250,9630,3420,KOSDAQ
684,한양디지텍,078350,22400,3415,KOSDAQ
685,나무가,190510,24300,3413,KOSDAQ
686,DS단석,017860,19350,3403,KOSPI
687,솔트룩스,304100,27000,3400,KOSDAQ
688,신성이엔지,011930,1648,3392,KOSPI
689,대덕,008060,9980,3382,KOSPI
690,애경산업,018250,12800,3380,KOSPI
691,한섬,020000,15010,3368,KOSPI
692,펨트론,168360,15690,3340,KOSDAQ
693,디아이티,110990,17650,3336,KOSDAQ
694,골프존,215000,53000,3326,KOSDAQ GLOBAL
695,에이비온,203400,3690,3325,KOSDAQ
696,세아제강,306200,117000,3318,KOSPI
697,미래나노텍,095500,10650,3303,KOSDAQ
698,롯데이노베이트,286940,21800,3298,KOSPI
699,KG케미칼,001390,4905,3298,KOSPI
700,남해화학,025860,6630,3294,KOSPI
701,에코앤드림,101360,18450,3282,KOSDAQ
702,사조대림,003960,35750,3276,KOSPI
703,제이에스코퍼레이션,194370,11270,3270,KOSPI
704,SIMPAC,009160,4990,3262,KOSPI
705,셀바스AI,108860,12080,3251,KOSDAQ
706,국도화학,007690,35100,3251,KOSPI
707,콜마홀딩스,024720,9470,3248,KOSPI
708,석경에이티,357550,59500,3246,KOSDAQ
709,한국비엔씨,256840,4730,3235,KOSDAQ
710,하림,136480,3045,3234,KOSDAQ
711,화신,010690,9250,3230,KOSPI
712,에이직랜드,445090,29400,3212,KOSDAQ
713,에이팩트,200470,7580,3211,KOSDAQ
714,제테마,216080,8890,3201,KOSDAQ
715,한스바이오메드,042520,22450,3197,KOSDAQ
716,아세아제지,002310,7880,3190,KOSPI
717,PS일렉트로닉스,332570,7230,3166,KOSDAQ
718,에스엔시스,0008Z0,33500,3161,KOSDAQ
719,대명에너지,389260,17630,3159,KOSDAQ
720,한솔아이원스,114810,11000,3145,KOSDAQ
721,이지홀딩스,035810,4875,3145,KOSDAQ
722,넥센,005720,5860,3138,KOSPI
723,DB,012030,1556,3130,KOSPI
724,바이오니아,064550,12110,3126,KOSDAQ
725,CJ프레시웨이,051500,26300,3122,KOSDAQ
726,코오롱ENP,138490,8200,3116,KOSPI
727,휴온스,243070,25950,3109,KOSDAQ
728,바이오플러스,099430,5040,3107,KOSDAQ
729,대화제약,067080,16670,3103,KOSDAQ
730,남양유업,003920,51700,3102,KOSPI
731,서울가스,017390,62000,3100,KOSPI
732,에이유브랜즈,481070,21800,3087,KOSDAQ
733,제이브이엠,054950,25400,3071,KOSDAQ
734,한국토지신탁,034830,1215,3068,KOSPI
735,삼화콘덴서,001820,29500,3067,KOSPI
736,대아티아이,045390,4345,3062,KOSDAQ
737,화승엔터프라이즈,241590,5040,3054,KOSPI
738,디앤디플랫폼리츠,377190,3430,3032,KOSPI
739,KPX홀딩스,092230,71700,3029,KOSPI
740,광동제약,009290,5770,3025,KOSPI
741,매커스,093520,21300,3017,KOSDAQ
742,유나이티드제약,033270,18460,3015,KOSPI
743,바디텍메드,206640,12820,3011,KOSDAQ
744,이리츠코크렙,088260,4750,3009,KOSPI
745,피에스텍,002230,15600,3007,KOSDAQ
746,오픈엣지테크놀로지,394280,13620,3005,KOSDAQ
747,SGC에너지,005090,20850,3004,KOSPI
748,한진,002320,19700,3001,KOSPI
749,한국자산신탁,123890,2450,2998,KOSPI
750,글로벌텍스프리,204620,4260,2994,KOSDAQ
751,대동,000490,10380,2992,KOSPI
752,비츠로테크,042370,11420,2992,KOSDAQ
753,진성티이씨,036890,13580,2992,KOSDAQ
754,에브리봇,270660,23600,2986,KOSDAQ
755,에코아이,448280,10070,2984,KOSDAQ
756,SJG세종,033530,10720,2982,KOSPI
757,에스엠벡셀,010580,2670,2970,KOSPI
758,켄코아에어로스페이스,274090,22450,2967,KOSDAQ
759,유니셈,036200,9630,2953,KOSDAQ
760,셀비온,308430,23000,2951,KOSDAQ
761,엘브이엠씨홀딩스,900140,1524,2945,KOSPI
762,삼성SDI우,006405,182000,2945,KOSPI
763,계양전기,012200,10790,2937,KOSPI
764,삼영무역,002810,15900,2936,KOSPI
765,현대코퍼레이션,011760,22150,2930,KOSPI
766,신성에스티,416180,32400,2929,KOSDAQ
767,일성아이에스,003120,22000,2926,KOSPI
768,티엑스알로보틱스,484810,18900,2920,KOSDAQ
769,대원전선,006340,3775,2910,KOSPI
770,지놈앤컴퍼니,314130,8390,2907,KOSDAQ
771,한라IMS,092460,16970,2904,KOSDAQ
772,JTC,950170,5600,2898,KOSDAQ
773,한국정보통신,025770,7730,2894,KOSDAQ
774,우진엔텍,457550,31050,2894,KOSDAQ
775,이지스밸류플러스리츠,334890,4160,2889,KOSPI
776,쿠콘,294570,28600,2886,KOSDAQ
777,모토닉,009680,10270,2881,KOSPI
778,폰드그룹,472850,4980,2867,KOSDAQ
779,대성산업,128820,6330,2863,KOSPI
780,풍원정밀,371950,12630,2862,KOSDAQ
781,LS네트웍스,000680,3625,2857,KOSPI
782,뷰노,338220,20350,2849,KOSDAQ
783,바텍,043150,19160,2846,KOSDAQ
784,우주일렉트로,065680,30750,2841,KOSDAQ
785,AP시스템,265520,18800,2830,KOSDAQ
786,일신방직,003200,12320,2829,KOSPI
787,삼목에스폼,018310,19240,2828,KOSDAQ
788,유진기업,023410,3650,2822,KOSDAQ
789,노머스,473980,25500,2805,KOSDAQ
790,노바텍,285490,26450,2797,KOSDAQ
791,CMG제약,058820,1890,2794,KOSDAQ
792,네오팜,092730,17420,2792,KOSDAQ
793,범한퓨얼셀,382900,31800,2786,KOSDAQ
794,LS증권,078020,5010,2780,KOSDAQ
795,알멕,354320,43450,2777,KOSDAQ
796,삼양엔씨켐,482630,25350,2774,KOSDAQ
797,필에너지,378340,12920,2773,KOSDAQ
798,더즌,462860,3855,2770,KOSDAQ
799,엘앤케이바이오,156100,12710,2769,KOSDAQ
800,서호전기,065710,53700,2766,KOSDAQ
801,사조산업,007160,55100,2755,KOSPI
802,코난테크놀로지,402030,22000,2754,KOSDAQ
803,뉴로핏,380550,23650,2752,KOSDAQ
804,컨텍,451760,17990,2744,KOSDAQ
805,삼지전자,037460,16700,2725,KOSDAQ
806,노루홀딩스,000320,20500,2725,KOSPI
807,KG이니시스,035600,9870,2720,KOSDAQ
808,우림피티에스,101170,20100,2714,KOSDAQ
809,대원강업,000430,4370,2709,KOSPI
810,BGF에코머티리얼즈,126600,4315,2708,KOSDAQ
811,JW홀딩스,096760,3660,2706,KOSPI
812,넥스틸,092790,10400,2704,KOSPI
813,대신밸류리츠,0030R0,4510,2696,KOSPI
814,슈프리마,236200,37150,2696,KOSDAQ
815,HLB테라퓨틱스,115450,3195,2696,KOSDAQ
816,한농화성,011500,17200,2690,KOSPI
817,지누스,013890,12070,2686,KOSPI
818,BYC,001460,43000,2686,KOSPI
819,GRT,900290,3320,2684,KOSDAQ
820,해성산업,034810,8240,2683,KOSDAQ
821,아이패밀리에스씨,114840,15480,2681,KOSDAQ
822,헬릭스미스,084990,5810,2678,KOSDAQ
823,동원개발,013120,2940,2670,KOSDAQ
824,한국정보인증,053300,6280,2665,KOSDAQ
825,세방,004360,13940,2665,KOSPI
826,알에스오토메이션,140670,20750,2664,KOSDAQ
827,더블유씨피,393890,7850,2657,KOSDAQ GLOBAL
828,일진파워,094820,17610,2655,KOSDAQ
829,플리토,300080,16030,2646,KOSDAQ
830,덕산하이메탈,077360,5810,2640,KOSDAQ
831,매일유업,267980,34400,2636,KOSDAQ
832,AP위성,211270,17450,2632,KOSDAQ
833,엔케이맥스,182400,3685,2630,KOSDAQ
834,싸이닉솔루션,234030,11130,2627,KOSDAQ
835,PKC,001340,5820,2614,KOSPI
836,에스투더블유,488280,24500,2612,KOSDAQ
837,KG에코솔루션,151860,5470,2604,KOSDAQ
838,백산,035150,12660,2603,KOSPI
839,대원산업,005710,12950,2595,KOSDAQ
840,뉴파워프라즈마,144960,5930,2591,KOSDAQ
841,삼진제약,005500,19430,2588,KOSPI
842,대원제약,003220,11530,2586,KOSPI
843,노바렉스,194700,13780,2584,KOSDAQ
844,LX하우시스,108670,28800,2583,KOSPI
845,도우인시스,484120,23650,2575,KOSDAQ
846,아이마켓코리아,122900,7690,2571,KOSPI
847,TYM,002900,6200,2567,KOSPI
848,비덴트,121800,3320,2563,KOSDAQ
849,삼성물산우B,02826K,174400,2559,KOSPI
850,아스트,067390,634,2556,KOSDAQ
851,대양전기공업,108380,26650,2550,KOSDAQ
852,듀켐바이오,176750,8950,2547,KOSDAQ
853,서연,007860,10820,2541,KOSPI
854,유니슨,018000,1034,2535,KOSDAQ
855,위니아에이드,377460,4080,2532,KOSDAQ
856,피에이치에이,043370,12050,2530,KOSDAQ
857,세나테크놀로지,061090,45250,2527,KOSDAQ
858,중앙첨단소재,051980,2270,2522,KOSDAQ
859,무학,033920,8820,2514,KOSPI
860,에이블씨엔씨,078520,9650,2510,KOSPI
861,엔비알모션,0004V0,24100,2507,KOSDAQ
862,원익,032940,13780,2507,KOSDAQ
863,사피엔반도체,452430,30500,2507,KOSDAQ
864,유니테스트,086390,11840,2502,KOSDAQ
865,대한제당,001790,2785,2498,KOSPI
866,일양약품,007570,13050,2491,KOSPI
867,에이플러스에셋,244920,11000,2487,KOSPI
868,메디아나,041920,13360,2485,KOSDAQ
869,제이오,418550,7750,2481,KOSDAQ
870,광주신세계,037710,31150,2479,KOSPI
871,포스코스틸리온,058430,41150,2469,KOSPI
872,윤성에프앤씨,372170,30850,2462,KOSDAQ
873,엘티씨,170920,23300,2461,KOSDAQ
874,상아프론테크,089980,15370,2458,KOSDAQ
875,모트렉스,118990,9870,2454,KOSDAQ
876,한국캐피탈,023760,777,2452,KOSDAQ
877,인터플렉스,051370,10510,2452,KOSDAQ
878,하이비젼시스템,126700,16380,2448,KOSDAQ
879,잇츠한불,226320,11140,2443,KOSPI
880,대한제강,084010,10660,2443,KOSPI
881,넵튠,217270,5210,2435,KOSDAQ
882,SG,255220,2340,2432,KOSDAQ
883,대한제분,001130,143000,2417,KOSPI
884,케이티알파,036030,4930,2417,KOSDAQ
885,루미르,474170,13540,2413,KOSDAQ
886,인포바인,115310,75500,2411,KOSDAQ
887,텔레칩스,054450,15900,2408,KOSDAQ
888,이랜텍,054210,9500,2403,KOSDAQ
889,이수화학,005950,9120,2398,KOSPI
890,토비스,051360,15140,2396,KOSDAQ
891,나이스정보통신,036800,23950,2395,KOSDAQ
892,피아이이,452450,6670,2393,KOSDAQ
893,한양증권,001750,18770,2389,KOSPI
894,메카로,241770,23250,2370,KOSDAQ
895,종근당홀딩스,001630,47300,2370,KOSPI
896,아크릴,0007C0,29500,2369,KOSDAQ
897,신세계 I&C,035510,16920,2366,KOSPI
898,SK디앤디,210980,12700,2364,KOSPI
899,성신양회,004980,9640,2363,KOSPI
900,퍼스텍,010820,4845,2363,KOSPI
901,서흥,008490,20400,2360,KOSPI
902,LG생활건강우,051905,112300,2358,KOSPI
903,오로스테크놀로지,322310,25050,2346,KOSDAQ
904,코리아에프티,123410,8400,2339,KOSDAQ
905,압타바이오,293780,8300,2332,KOSDAQ
906,LB세미콘,061970,4010,2329,KOSDAQ
907,제노코,361390,26400,2323,KOSDAQ
908,이수앱지스,086890,5720,2320,KOSDAQ
909,마녀공장,439090,14150,2318,KOSDAQ
910,클리오,237880,12820,2317,KOSDAQ
911,경방,000050,8450,2317,KOSPI
912,하나기술,299030,28950,2315,KOSDAQ
913,옵티코어,380540,4740,2313,KOSDAQ
914,HS효성,487570,62000,2310,KOSPI
915,동아지질,028100,17230,2307,KOSPI
916,자람테크놀로지,389020,37200,2306,KOSDAQ
917,미래반도체,254490,15950,2303,KOSDAQ
918,제일일렉트릭,199820,10350,2300,KOSDAQ
919,선진,136490,9670,2299,KOSPI
920,스카이라이프,053210,4825,2293,KOSPI
921,디오,039840,15940,2291,KOSDAQ
922,코오롱글로벌,003070,9000,2288,KOSPI
923,동국홀딩스,001230,7180,2283,KOSPI
924,프레스티지바이오로직스,334970,2910,2263,KOSDAQ
925,휴스틸,005010,4015,2256,KOSPI
926,폴라리스오피스,041020,4530,2253,KOSDAQ
927,흥국화재,000540,3505,2252,KOSPI
928,강남제비스코,000860,17310,2250,KOSPI
929,미래에셋증권우,006805,15920,2241,KOSPI
930,하이트진로홀딩스,000140,9640,2237,KOSPI
931,에이스테크,088800,2955,2231,KOSDAQ
932,동양이엔피,079960,28350,2228,KOSDAQ
933,대성에너지,117580,8070,2219,KOSPI
934,엠아이텍,179290,6850,2217,KOSDAQ
935,KZ정밀,036560,14040,2211,KOSDAQ
936,신한서부티엔디리츠,404990,3740,2211,KOSPI
937,디지털대성,068930,7980,2208,KOSDAQ
938,CR홀딩스,000480,4705,2206,KOSPI
939,엘오티베큠,083310,12350,2200,KOSDAQ
940,이월드,084680,1551,2199,KOSPI
941,이랜시스,264850,7250,2196,KOSDAQ
942,알루코,001780,2260,2188,KOSPI
943,잉글우드랩,950140,11010,2187,KOSDAQ
944,이노테크,469610,24600,2184,KOSDAQ
945,다올투자증권,030210,3580,2181,KOSPI
946,에이프로젠,007460,662,2180,KOSPI
947,방림,003610,5420,2179,KOSPI
948,강스템바이오텍,217730,2310,2173,KOSDAQ
949,한국알콜,017890,10200,2170,KOSDAQ
950,오가노이드사이언스,476040,32850,2163,KOSDAQ
951,제일약품,271980,14700,2162,KOSPI
952,아이씨티케이,456010,15540,2160,KOSDAQ
953,박셀바이오,323990,9280,2158,KOSDAQ
954,미원화학,134380,98100,2157,KOSPI
955,에어부산,298690,1845,2152,KOSPI
956,리파인,377450,12410,2151,KOSDAQ
957,엑스게이트,356680,7530,2149,KOSDAQ
958,송원산업,004430,8950,2148,KOSPI
959,한국화장품제조,003350,47350,2146,KOSPI
960,싸이토젠,217330,9270,2144,KOSDAQ
961,LG우,003555,71000,2138,KOSPI
962,이스트소프트,047560,18200,2135,KOSDAQ
963,교촌에프앤비,339770,4240,2119,KOSPI
964,한국공항,005430,66700,2112,KOSPI
965,아이티엠반도체,084850,9300,2110,KOSDAQ GLOBAL
966,헥토파이낸셜,234340,15080,2107,KOSDAQ
967,파워로직스,047310,5750,2105,KOSDAQ
968,비보존 제약,082800,4200,2104,KOSDAQ
969,와이씨켐,112290,20800,2103,KOSDAQ
970,CJ우,001045,93000,2102,KOSPI
971,메드팩토,235980,6130,2101,KOSDAQ
972,동성케미컬,102260,4185,2100,KOSPI
973,한미글로벌,053690,19160,2099,KOSPI
974,오킨스전자,080580,10200,2099,KOSDAQ
975,금호석유화학우,011785,69400,2098,KOSPI
976,킵스파마,256940,10440,2096,KOSDAQ
977,미창석유,003650,120400,2095,KOSPI
978,엑시콘,092870,16000,2088,KOSDAQ
979,한국무브넥스,010100,6850,2086,KOSPI
980,도화엔지니어링,002150,6170,2081,KOSPI
981,AJ네트웍스,095570,4595,2079,KOSPI
982,HDC랩스,039570,8000,2077,KOSPI
983,삼영전자,005680,10360,2072,KOSPI
984,신흥에스이씨,243840,5350,2063,KOSDAQ
985,삼익THK,004380,9960,2062,KOSPI
986,대신증권2우B,003547,20600,2060,KOSPI
987,소룩스,290690,4225,2060,KOSDAQ
988,나노엔텍,039860,5400,2057,KOSDAQ
989,삼보모터스,053700,8520,2055,KOSDAQ
990,DSC인베스트먼트,241520,7610,2055,KOSDAQ
991,어보브반도체,102120,11550,2054,KOSDAQ
992,씨피시스템,413630,5630,2051,KOSDAQ
993,KPX케미칼,025000,46800,2049,KOSPI
994,에스앤디,260970,70800,2048,KOSDAQ
995,큐브엔터,182360,13150,2045,KOSDAQ
996,시너지이노베이션,048870,2320,2044,KOSDAQ
997,이지바이오,353810,6170,2041,KOSDAQ
998,헥토이노베이션,214180,15700,2040,KOSDAQ
999,네오위즈홀딩스,042420,24350,2037,KOSDAQ
1000,코윈테크,282880,17750,2036,KOSDAQ
1001,엠케이전자,033160,9000,2034,KOSDAQ
1002,제넥신,095700,4465,2033,KOSDAQ
1003,라온테크,232680,16200,2031,KOSDAQ
1004,동양,001520,848,2024,KOSPI
1005,삼화전기,009470,30600,2024,KOSPI
1006,토니모리,214420,8410,2023,KOSPI
1007,모두투어,080160,10700,2022,KOSDAQ
1008,KSS해운,044450,8750,2020,KOSPI
1009,큐라클,365270,9590,2015,KOSDAQ
1010,아나패스,123860,16610,2014,KOSDAQ
1011,액트로,290740,19990,2012,KOSDAQ
1012,유비케어,032620,3845,2007,KOSDAQ
1013,S-Oil우,010955,49900,2007,KOSPI
1014,인선이엔티,060150,4310,2007,KOSDAQ
1015,이연제약,102460,10780,2004,KOSPI
1016,JW생명과학,234080,12630,2000,KOSPI
1017,삼일제약,000520,9200,1996,KOSPI
1018,경인양행,012610,4790,1993,KOSPI
1019,환인제약,016580,10700,1990,KOSPI
1020,LS티라유텍,322180,9510,1990,KOSDAQ
1021,삼영엠텍,054540,15280,1986,KOSDAQ
1022,아이스크림미디어,461300,14860,1976,KOSDAQ
1023,일승,333430,6420,1973,KOSDAQ
1024,차AI헬스케어,025620,10830,1971,KOSPI
1025,흥구석유,024060,13130,1970,KOSDAQ
1026,KBI동양철관,008970,1897,1968,KOSPI
1027,RF머트리얼즈,327260,23300,1965,KOSDAQ
1028,이노와이어리스,073490,25800,1962,KOSDAQ
1029,네패스아크,330860,16100,1962,KOSDAQ
1030,와이엠티,251370,11130,1962,KOSDAQ
1031,레드캡투어,038390,11720,1960,KOSDAQ
1032,삼미금속,012210,8820,1957,KOSDAQ
1033,바이오솔루션,086820,8050,1956,KOSDAQ
1034,이구산업,025820,5840,1953,KOSPI
1035,KCTC,009070,6510,1953,KOSPI
1036,GS글로벌,001250,2365,1952,KOSPI
1037,금화피에스시,036190,32500,1950,KOSDAQ
1038,골프존홀딩스,121440,4535,1943,KOSDAQ
1039,아이디스,143160,18070,1936,KOSDAQ
1040,만호제강,001080,46650,1936,KOSPI
1041,큐알티,405100,15710,1931,KOSDAQ
1042,해태제과식품,101530,6600,1922,KOSPI
1043,한솔제지,213500,8050,1916,KOSPI
1044,디엔에프,092070,16490,1908,KOSDAQ
1045,한선엔지니어링,452280,11040,1907,KOSDAQ
1046,와이지-원,019210,5660,1900,KOSDAQ
1047,아바코,083930,12920,1896,KOSDAQ
1048,현대비앤지스틸,004560,12570,1895,KOSPI
1049,삼영,003720,5550,1887,KOSPI
1050,디에스케이,109740,7310,1879,KOSDAQ
1051,이크레더블,092130,15590,1878,KOSDAQ
1052,NH올원리츠,400760,3415,1876,KOSPI
1053,모비스,250060,5830,1876,KOSDAQ
1054,원익피앤이,217820,3950,1874,KOSDAQ
1055,현대사료,016790,994,1873,KOSDAQ
1056,상신이디피,091580,14000,1866,KOSDAQ
1057,HB테크놀러지,078150,2010,1864,KOSDAQ
1058,뷰웍스,100120,19880,1861,KOSDAQ
1059,삼양패키징,272550,12340,1859,KOSPI
1060,하나제약,293480,10440,1855,KOSPI
1061,웅진,016880,2320,1854,KOSPI
1062,퀄리타스반도체,432720,13110,1854,KOSDAQ
1063,CJ제일제당 우,097955,139500,1852,KOSPI
1064,로보로보,215100,9060,1844,KOSDAQ
1065,신세계푸드,031440,47600,1843,KOSPI
1066,케이에스피,073010,4585,1843,KOSDAQ
1067,화승인더,006060,3330,1842,KOSPI
1068,계룡건설,013580,20600,1840,KOSPI
1069,케이엔제이,272110,22900,1838,KOSDAQ
1070,삼화페인트,000390,6740,1834,KOSPI
1071,유비쿼스홀딩스,078070,10400,1831,KOSDAQ
1072,금강공업,014280,6230,1827,KOSPI
1073,마이크로디지탈,305090,9780,1816,KOSDAQ
1074,레몬,294140,8090,1813,KOSDAQ
1075,한솔테크닉스,004710,5630,1808,KOSPI
1076,인텍플러스,064290,14010,1802,KOSDAQ
1077,오이솔루션,138080,15400,1799,KOSDAQ
1078,LG헬로비전,037560,2320,1797,KOSPI
1079,타이거일렉,219130,28450,1796,KOSDAQ
1080,대창단조,015230,6270,1791,KOSPI
1081,제닉스로보틱스,381620,13650,1791,KOSDAQ
1082,우양에이치씨,101970,12100,1790,KOSDAQ
1083,멀티캠퍼스,067280,30150,1787,KOSDAQ
1084,한국석유,004090,14030,1781,KOSPI
1085,바이젠셀,308080,8670,1777,KOSDAQ
1086,삼익제약,014950,19360,1776,KOSDAQ
1087,탑런토탈솔루션,336680,4525,1771,KOSDAQ
1088,엔알비,475230,16830,1769,KOSDAQ
1089,경농,002100,9060,1769,KOSPI
1090,비씨엔씨,146320,13750,1760,KOSDAQ
1091,나인테크,267320,3060,1757,KOSDAQ
1092,인터로조,119610,15380,1755,KOSDAQ
1093,마크로젠,038290,16190,1755,KOSDAQ
1094,협진,138360,2275,1752,KOSDAQ
1095,티이엠씨,425040,8190,1747,KOSDAQ
1096,엘케이켐,489500,27750,1742,KOSDAQ
1097,이엔셀,456070,15940,1740,KOSDAQ
1098,DH오토넥스,000300,4200,1740,KOSPI
1099,YTN,040300,3645,1738,KOSDAQ
1100,경동제약,011040,5640,1735,KOSDAQ
1101,톱텍,108230,4560,1734,KOSDAQ
1102,페스카로,0015S0,17920,1732,KOSDAQ
1103,동양고속,084670,59800,1732,KOSPI
1104,KG모빌리언스,046440,4535,1724,KOSDAQ
1105,켐트로스,220260,6490,1724,KOSDAQ
1106,모델솔루션,417970,26900,1721,KOSDAQ
1107,롯데하이마트,071840,7280,1719,KOSPI
1108,새빗켐,107600,30500,1717,KOSDAQ
1109,탑머티리얼,360070,20950,1706,KOSDAQ
1110,티움바이오,321550,5880,1706,KOSDAQ
1111,지씨지놈,340450,7200,1703,KOSDAQ
1112,일진다이아,081000,11910,1692,KOSPI
1113,지투파워,388050,9000,1684,KOSDAQ
1114,한국화장품,123690,10450,1679,KOSPI
1115,동화약품,000020,6010,1679,KOSPI
1116,에치에프알,230240,12600,1677,KOSDAQ
1117,세경하이테크,148150,4710,1674,KOSDAQ
1118,대한약품,023910,27850,1671,KOSDAQ
1119,코텍,052330,9380,1666,KOSDAQ
1120,삼양통상,002170,55400,1662,KOSPI
1121,바이오비쥬,489460,11040,1661,KOSDAQ
1122,녹십자웰빙,234690,9350,1660,KOSDAQ
1123,싸이맥스,160980,15170,1657,KOSDAQ
1124,아진엑스텍,059120,16970,1654,KOSDAQ
1125,진양홀딩스,100250,2955,1652,KOSPI
1126,노루페인트,090350,8240,1648,KOSPI
1127,지니언스,263860,18090,1642,KOSDAQ
1128,신원,009270,1431,1642,KOSPI
1129,국전약품,307750,3260,1636,KOSDAQ
1130,에스와이스틸텍,365330,3260,1636,KOSDAQ
1131,티앤알바이오팹,246710,3435,1634,KOSDAQ
1132,엠디바이스,226590,15370,1634,KOSDAQ
1133,조선내화,462520,13760,1631,KOSPI
1134,와이솔,122990,6120,1630,KOSDAQ
1135,셀바스헬스케어,208370,6330,1629,KOSDAQ
1136,새로닉스,042600,13100,1627,KOSDAQ
1137,좋은사람들,033340,1678,1627,KOSDAQ
1138,러셀,217500,5110,1626,KOSDAQ
1139,한세예스24홀딩스,016450,4055,1622,KOSPI
1140,국보디자인,066620,21600,1620,KOSDAQ
1141,조일알미늄,018470,1279,1620,KOSPI
1142,남선알미늄,008350,1252,1616,KOSPI
1143,모다이노칩,080420,2020,1610,KOSDAQ
1144,세아특수강,019440,18780,1609,KOSPI
1145,씨에스베어링,297090,5890,1606,KOSDAQ
1146,HB솔루션,297890,2190,1602,KOSDAQ
1147,애니플러스,310200,3070,1601,KOSDAQ
1148,쿼드메디슨,464490,14100,1599,KOSDAQ
1149,아미노로직스,074430,1820,1598,KOSDAQ
1150,성우,458650,10620,1598,KOSDAQ
1151,오상헬스케어,036220,11010,1597,KOSDAQ
1152,쇼박스,086980,2550,1597,KOSDAQ
1153,버킷스튜디오,066410,1153,1596,KOSDAQ
1154,조이시티,067000,2280,1594,KOSDAQ
1155,대주산업,003310,4500,1593,KOSDAQ
1156,코다코,046070,10280,1592,KOSDAQ
1157,베뉴지,019010,3295,1588,KOSDAQ
1158,대동기어,008830,17670,1588,KOSDAQ
1159,아이텍,119830,6770,1584,KOSDAQ
1160,와이투솔루션,011690,4330,1584,KOSPI
1161,더블유에스아이,299170,3815,1584,KOSDAQ
1162,네오티스,085910,11360,1583,KOSDAQ
1163,이엠코리아,095190,2425,1583,KOSDAQ
1164,대동전자,008110,15040,1578,KOSPI
1165,케이엔솔,053080,12120,1576,KOSDAQ
1166,씨앤지하이테크,264660,16200,1575,KOSDAQ
1167,모나용평,070960,3270,1574,KOSPI
1168,원일티엔아이,136150,18750,1571,KOSDAQ
1169,제이엘케이,322510,6150,1570,KOSDAQ
1170,유수홀딩스,000700,6020,1568,KOSPI
1171,에스피시스템스,317830,14500,1562,KOSDAQ
1172,자이에스앤디,317400,4015,1557,KOSPI
1173,사조씨푸드,014710,9040,1557,KOSPI
1174,드림시큐리티,203650,1626,1555,KOSDAQ
1175,아우토크립트,331740,15970,1552,KOSDAQ
1176,금호건설,002990,4195,1552,KOSPI
1177,피앤에스로보틱스,460940,11670,1547,KOSDAQ
1178,그래디언트,035080,11310,1547,KOSDAQ
1179,유화증권,003460,2725,1545,KOSPI
1180,동방메디컬,240550,7420,1544,KOSDAQ
1181,KX,122450,3445,1544,KOSDAQ
1182,미원홀딩스,107590,66500,1543,KOSPI
1183,동국씨엠,460850,5160,1543,KOSPI
1184,퓨릿,445180,8970,1542,KOSDAQ
1185,디앤씨미디어,263720,12420,1542,KOSDAQ
1186,에스텍,069510,14100,1538,KOSDAQ
1187,푸른저축은행,007330,10180,1535,KOSDAQ
1188,사조동아원,008040,1084,1530,KOSPI
1189,사람인,143240,13020,1525,KOSDAQ
1190,센서뷰,321370,3375,1524,KOSDAQ
1191,나노팀,417010,7550,1523,KOSDAQ
1192,오로라,039830,14150,1523,KOSDAQ
1193,아톤,158430,6220,1523,KOSDAQ
1194,한국주철관,000970,6670,1521,KOSPI
1195,엠에스오토텍,123040,2425,1519,KOSDAQ
1196,동신건설,025950,18030,1515,KOSDAQ
1197,마이크로컨텍솔,098120,18210,1514,KOSDAQ
1198,젝시믹스,337930,5090,1511,KOSDAQ
1199,태림포장,011280,2130,1508,KOSPI
1200,삼성제약,001360,1601,1508,KOSPI
1201,세명전기,017510,9870,1505,KOSDAQ
1202,한국제지,027970,790,1502,KOSPI
1203,진원생명과학,011000,1758,1502,KOSPI
1204,블루엠텍,439580,4435,1501,KOSDAQ
1205,우수AMS,066590,3880,1501,KOSDAQ
1206,에이치엔에스하이텍,044990,19520,1500,KOSDAQ
1207,삼보판지,023600,9370,1500,KOSDAQ
1208,엑세스바이오,950130,3975,1500,KOSDAQ
1209,디와이파워,210540,13560,1497,KOSPI
1210,아모레퍼시픽홀딩스3우C,00279K,21100,1496,KOSPI
1211,무림P&P,009580,2395,1494,KOSPI
1212,텔코웨어,078000,16160,1493,KOSPI
1213,파세코,037070,7450,1490,KOSDAQ
1214,티씨머티리얼즈,125020,4250,1489,KOSDAQ
1215,미래컴퍼니,049950,16870,1488,KOSDAQ
1216,뉴프렉스,085670,6080,1487,KOSDAQ
1217,티케이케미칼,104480,1634,1485,KOSDAQ
1218,모베이스,101330,6410,1484,KOSDAQ
1219,한독,002390,10780,1484,KOSPI
1220,대한화섬,003830,111500,1481,KOSPI
1221,드림씨아이에스,223250,6220,1480,KOSDAQ
1222,현대에버다임,041440,8250,1478,KOSDAQ
1223,현대ADM,187660,2660,1475,KOSDAQ
1224,효성화학,298000,38900,1475,KOSPI
1225,유니트론텍,142210,7020,1475,KOSDAQ
1226,동구바이오제약,006620,5170,1472,KOSDAQ
1227,디와이피엔에프,104460,13970,1469,KOSDAQ
1228,네오오토,212560,12430,1468,KOSDAQ
1229,아진산업,013310,3780,1467,KOSDAQ
1230,일동홀딩스,000230,12710,1467,KOSPI
1231,광무,029480,2370,1467,KOSDAQ
1232,라온텍,418420,4805,1465,KOSDAQ
1233,세보엠이씨,011560,13900,1464,KOSDAQ
1234,고려신용정보,049720,10230,1463,KOSDAQ
1235,대교,019680,1723,1459,KOSPI
1236,제룡산업,147830,7280,1456,KOSDAQ
1237,디알텍,214680,1894,1448,KOSDAQ
1238,엠플러스,259630,11910,1448,KOSDAQ
1239,시지메드텍,056090,1400,1446,KOSDAQ
1240,신라교역,004970,9010,1442,KOSPI
1241,아가방컴퍼니,013990,4380,1440,KOSDAQ
1242,HDC현대EP,089470,4515,1440,KOSPI
1243,KEC,092220,717,1439,KOSPI
1244,한진중공업홀딩스,003480,4870,1438,KOSPI
1245,효성ITX,094280,12410,1434,KOSPI
1246,나우IB,293580,1510,1433,KOSDAQ
1247,그린케미칼,083420,5970,1433,KOSPI
1248,이지스레지던스리츠,350520,3885,1432,KOSPI
1249,MDS테크,086960,1463,1430,KOSDAQ
1250,인피니트헬스케어,071200,5860,1430,KOSDAQ
1251,DMS,068790,6330,1429,KOSDAQ
1252,엑셈,205100,1999,1429,KOSDAQ
1253,에이럭스,475580,10470,1427,KOSDAQ
1254,오르비텍,046120,5140,1424,KOSDAQ
1255,매일홀딩스,005990,10690,1422,KOSDAQ
1256,그린리소스,402490,8580,1421,KOSDAQ
1257,KT나스미디어,089600,12280,1421,KOSDAQ
1258,마음AI,377480,19950,1418,KOSDAQ
1259,코아시아,045970,5390,1418,KOSDAQ
1260,동국산업,005160,2600,1410,KOSDAQ
1261,피제이전자,006140,9390,1408,KOSDAQ
1262,티에이치엔,019180,7800,1404,KOSPI
1263,셀루메드,049180,2550,1401,KOSDAQ
1264,지에프아이,493330,18190,1397,KOSDAQ
1265,NICE인프라,063570,4090,1397,KOSDAQ
1266,오성첨단소재,052420,1479,1397,KOSDAQ
1267,디케이티,290550,6980,1396,KOSDAQ
1268,뉴엔AI,463020,15710,1395,KOSDAQ
1269,태경산업,015890,4760,1391,KOSPI
1270,한신기계,011700,4255,1381,KOSPI
1271,샘표,007540,48000,1380,KOSPI
1272,와이즈넛,096250,10540,1380,KOSDAQ
1273,스마트레이더시스템,424960,8370,1380,KOSDAQ
1274,에스와이,109610,2820,1379,KOSDAQ
1275,웅진씽크빅,095720,1191,1376,KOSPI
1276,경보제약,214390,5750,1375,KOSPI
1277,현대리바트,079430,6680,1372,KOSPI
1278,슈피겐코리아,192440,22050,1371,KOSDAQ
1279,에코플라스틱,038110,3315,1365,KOSDAQ
1280,디와이,013570,5180,1363,KOSPI
1281,폴라리스AI,039980,1868,1360,KOSDAQ
1282,샘표식품,248170,29700,1357,KOSPI
1283,유니퀘스트,077500,6280,1356,KOSPI
1284,대성홀딩스,016710,8430,1356,KOSPI
1285,파로스아이바이오,388870,10460,1354,KOSDAQ
1286,한국파마,032300,12410,1354,KOSDAQ
1287,HS애드,035000,8350,1353,KOSPI
1288,제닉,123330,16950,1351,KOSDAQ
1289,야스,255440,10330,1349,KOSDAQ
1290,디씨엠,024090,11810,1346,KOSPI
1291,유비쿼스,264450,9180,1346,KOSDAQ
1292,해성에어로보틱스,059270,12010,1341,KOSDAQ
1293,NPC,004250,3650,1340,KOSPI
1294,웨이비스,289930,10700,1340,KOSDAQ
1295,윈스테크넷,136540,10900,1338,KOSDAQ
1296,코칩,126730,15740,1338,KOSDAQ
1297,신영와코루,005800,14850,1336,KOSPI
1298,엠에스씨,009780,7590,1336,KOSDAQ
1299,에스피소프트,443670,5390,1334,KOSDAQ
1300,다산네트웍스,039560,3360,1331,KOSDAQ
1301,메쎄이상,408920,3060,1323,KOSDAQ
1302,아모텍,052710,9050,1323,KOSDAQ
1303,시스웍,269620,889,1321,KOSDAQ
1304,아이엠비디엑스,461030,9420,1320,KOSDAQ
1305,메타바이오메드,059210,4700,1320,KOSDAQ
1306,오스테오닉,226400,6390,1320,KOSDAQ
1307,웹케시,053580,9680,1320,KOSDAQ
1308,금양그린파워,282720,10860,1316,KOSDAQ
1309,이지케어텍,099750,9630,1315,KOSDAQ
1310,쎄크,081180,14900,1315,KOSDAQ
1311,이엠텍,091120,7670,1314,KOSDAQ
1312,양지사,030960,8220,1314,KOSDAQ
1313,옵투스제약,131030,7400,1306,KOSDAQ
1314,퓨런티어,370090,15250,1305,KOSDAQ
1315,바이오에프디엔씨,251120,15000,1304,KOSDAQ
1316,휴마시스,205470,1008,1304,KOSDAQ
1317,크레버스,096240,11700,1303,KOSDAQ
1318,에이테크솔루션,071670,13000,1300,KOSDAQ
1319,HLB바이오스텝,278650,1493,1299,KOSDAQ
1320,그리드위즈,453450,16320,1296,KOSDAQ
1321,에이티넘인베스트,021080,2700,1296,KOSDAQ
1322,메가스터디,072870,10840,1292,KOSDAQ
1323,티와이홀딩스,363280,2560,1291,KOSPI
1324,아바텍,149950,9440,1290,KOSDAQ
1325,콘텐트리중앙,036420,6690,1289,KOSPI
1326,신흥,004080,13560,1288,KOSPI
1327,랩지노믹스,084650,1732,1286,KOSDAQ
1328,인팩,023810,12820,1282,KOSPI
1329,로체시스템즈,071280,8380,1282,KOSDAQ
1330,대봉엘에스,078140,11550,1280,KOSDAQ
1331,포바이포,389140,8970,1280,KOSDAQ
1332,한컴위드,054920,4535,1280,KOSDAQ
1333,제일파마홀딩스,002620,8000,1278,KOSPI
1334,알서포트,131370,2385,1270,KOSDAQ
1335,와이제이링크,209640,4465,1270,KOSDAQ
1336,대창,012800,1392,1269,KOSPI
1337,동부건설,005960,5520,1267,KOSPI
1338,경동인베스트,012320,53500,1265,KOSPI
1339,선광,003100,19170,1265,KOSDAQ
1340,서울옥션,063170,7100,1262,KOSDAQ
1341,팜스토리,027710,1130,1259,KOSDAQ
1342,현대바이오랜드,052260,4195,1258,KOSDAQ
1343,넥써쓰,205500,2105,1257,KOSDAQ
1344,SM C&C,048550,1298,1255,KOSDAQ
1345,케이알엠,093640,3845,1254,KOSDAQ
1346,농우바이오,054050,7820,1254,KOSDAQ
1347,공구우먼,366030,5530,1253,KOSDAQ
1348,대호에이엘,069460,1436,1250,KOSPI
1349,케이피에프,024880,6240,1249,KOSDAQ
1350,종근당바이오,063160,22750,1248,KOSPI
1351,한솔홀딩스,004150,3040,1247,KOSPI
1352,세원정공,021820,12450,1245,KOSPI
1353,일신석재,007110,1607,1245,KOSPI
1354,경동도시가스,267290,21100,1244,KOSPI
1355,조선선재,120030,98800,1243,KOSPI
1356,HS화성,002460,12240,1242,KOSPI
1357,태경비케이,014580,4500,1241,KOSPI
1358,아이엘,307180,3985,1237,KOSDAQ
1359,아시아나IDT,267850,11140,1237,KOSPI
1360,인바이오젠,101140,12290,1234,KOSPI
1361,심텍홀딩스,036710,2335,1234,KOSDAQ
1362,한국경제TV,039340,5470,1231,KOSDAQ
1363,SK우,03473K,217000,1229,KOSPI
1364,한국수출포장,002200,3070,1228,KOSPI
1365,쎌바이오텍,049960,13020,1224,KOSDAQ
1366,아스타,246720,8200,1223,KOSDAQ
1367,도이치모터스,067990,4185,1221,KOSDAQ
1368,DKME,015590,515,1220,KOSPI
1369,동방,004140,2530,1214,KOSPI
1370,화승코퍼레이션,013520,2410,1206,KOSPI
1371,KCC건설,021320,5630,1205,KOSDAQ
1372,청담글로벌,362320,5720,1204,KOSDAQ
1373,브이원텍,251630,7550,1204,KOSDAQ
1374,세이브존I&C,067830,2930,1202,KOSPI
1375,서울바이오시스,092190,2620,1202,KOSDAQ
1376,한일철강,002220,4500,1201,KOSPI
1377,LB인베스트먼트,309960,5170,1200,KOSDAQ
1378,네오이뮨텍,950220,716,1200,KOSDAQ
1379,아이디스홀딩스,054800,11590,1199,KOSDAQ
1380,레뷰코퍼레이션,443250,10770,1199,KOSDAQ
1381,원준,382840,7840,1197,KOSDAQ
1382,하이텍팜,106190,11250,1196,KOSDAQ
1383,HLB글로벌,003580,2360,1196,KOSPI
1384,한일사료,005860,3025,1192,KOSDAQ
1385,비엠티,086670,12000,1191,KOSDAQ
1386,코메론,049430,13160,1191,KOSDAQ
1387,엠투아이,347890,7030,1189,KOSDAQ
1388,KTcs,058850,2785,1189,KOSPI
1389,지어소프트,051160,7670,1187,KOSDAQ
1390,KT밀리의서재,418470,13850,1186,KOSDAQ
1391,현대이지웰,090850,4990,1185,KOSDAQ
1392,키다리스튜디오,020120,3195,1184,KOSPI
1393,극동유화,014530,3390,1182,KOSPI
1394,아주스틸,139990,3050,1182,KOSPI
1395,케이엔에스,432470,13470,1182,KOSDAQ
1396,아로마티카,0015N0,9290,1181,KOSDAQ
1397,와이엔텍,067900,6490,1181,KOSDAQ
1398,컴투스홀딩스,063080,17900,1181,KOSDAQ
1399,금호에이치티,214330,541,1180,KOSPI
1400,JW신약,067290,2210,1180,KOSDAQ
1401,모티브링크,463480,9520,1180,KOSDAQ
1402,휴니드,005870,8350,1179,KOSPI
1403,라파스,214260,13200,1178,KOSDAQ
1404,코아스템켐온,166480,2220,1174,KOSDAQ
1405,케이씨에스,115500,9770,1172,KOSDAQ
1406,코스맥스비티아이,044820,12200,1172,KOSPI
1407,에스엠코어,007820,5840,1170,KOSDAQ
1408,에이엘티,172670,13020,1167,KOSDAQ
1409,두올,016740,4050,1161,KOSPI
1410,플래스크,041590,2370,1161,KOSDAQ
1411,티쓰리,204610,1976,1160,KOSDAQ
1412,로젠,033290,2065,1160,KOSDAQ
1413,인지컨트롤스,023800,7330,1159,KOSPI
1414,네온테크,306620,2565,1155,KOSDAQ
1415,빅솔론,093190,6000,1154,KOSDAQ
1416,고바이오랩,348150,5940,1153,KOSDAQ
1417,초록뱀미디어,047820,4705,1151,KOSDAQ
1418,이니텍,053350,4995,1150,KOSDAQ
1419,SBI인베스트먼트,019550,709,1149,KOSDAQ
1420,동남합성,023450,32800,1148,KOSPI
1421,진로발효,018120,17280,1144,KOSDAQ
1422,코데즈컴바인,047770,3020,1143,KOSDAQ
1423,에스제이그룹,306040,11580,1142,KOSDAQ
1424,선진뷰티사이언스,086710,9350,1141,KOSDAQ
1425,에프엔에스테크,083500,13300,1141,KOSDAQ
1426,특수건설,026150,6500,1141,KOSDAQ
1427,더네이쳐홀딩스,298540,7840,1136,KOSDAQ
1428,지니너스,389030,3405,1136,KOSDAQ
1429,넥스트칩,396270,3455,1136,KOSDAQ
1430,한신공영,004960,9810,1135,KOSPI
1431,유한양행우,000105,96000,1134,KOSPI
1432,워트,396470,7030,1133,KOSDAQ
1433,대영포장,014160,1036,1123,KOSPI
1434,풍국주정,023900,8910,1123,KOSDAQ
1435,삼성공조,006660,13790,1121,KOSPI
1436,테고사이언스,191420,13800,1119,KOSDAQ
1437,빅텍,065450,3905,1119,KOSDAQ
1438,휴먼테크놀로지,175140,4485,1119,KOSDAQ
1439,우신시스템,017370,6100,1117,KOSPI
1440,빛과전자,069540,1831,1117,KOSDAQ
1441,일성건설,013360,2065,1116,KOSPI
1442,인천도시가스,034590,25450,1113,KOSPI
1443,벽산,007210,1665,1113,KOSPI
1444,동국생명과학,303810,3480,1113,KOSDAQ
1445,코닉오토메이션,391710,2605,1110,KOSDAQ
1446,가온그룹,078890,6150,1110,KOSDAQ
1447,CJ 바이오사이언스,311690,8480,1108,KOSDAQ
1448,미투온,201490,3395,1107,KOSDAQ
1449,유니켐,011330,1182,1105,KOSPI
1450,동국S&C,100130,1931,1103,KOSDAQ
1451,유아이엘,049520,3420,1103,KOSDAQ
1452,SV인베스트먼트,289080,2030,1102,KOSDAQ
1453,동아화성,041930,6970,1101,KOSDAQ
1454,미스터블루,207760,1321,1097,KOSDAQ
1455,엔지켐생명과학,183490,1290,1097,KOSDAQ
1456,위더스제약,330350,8300,1096,KOSDAQ
1457,티에스아이,277880,5420,1095,KOSDAQ
1458,STX,011810,3530,1095,KOSPI
1459,엣지파운드리,105550,1390,1088,KOSDAQ
1460,아남전자,008700,1410,1087,KOSPI
1461,위지윅스튜디오,299900,635,1086,KOSDAQ
1462,드림어스컴퍼니,060570,1463,1084,KOSDAQ
1463,파라택시스코리아,288330,1019,1081,KOSDAQ
1464,디이엔티,079810,5020,1081,KOSDAQ
1465,현대코퍼레이션홀딩스,227840,11870,1080,KOSPI
1466,수산세보틱스,017550,1731,1080,KOSPI
1467,씨티씨바이오,060590,4465,1080,KOSDAQ
1468,KT지니뮤직,043610,1857,1079,KOSDAQ
1469,엠게임,058630,5520,1079,KOSDAQ
1470,페이퍼코리아,001020,606,1079,KOSPI
1471,한빛레이저,452190,4605,1076,KOSDAQ
1472,테라젠이텍스,066700,2895,1076,KOSDAQ
1473,온코크로스,382150,8930,1074,KOSDAQ
1474,삼륭물산,014970,7100,1074,KOSDAQ
1475,광전자,017900,1847,1070,KOSPI
1476,삼성출판사,068290,10680,1068,KOSPI
1477,디케이락,105740,10470,1065,KOSDAQ
1478,바이오스마트,038460,4060,1062,KOSDAQ
1479,안국약품,001540,8140,1062,KOSDAQ
1480,고스트스튜디오,950190,8120,1057,KOSDAQ
1481,크라운제과,264900,8410,1053,KOSPI
1482,아모센스,357580,9330,1053,KOSDAQ
1483,진흥기업,002780,723,1052,KOSPI
1484,덱스터,206560,4135,1051,KOSDAQ
1485,LK삼양,225190,1489,1049,KOSDAQ
1486,상상인,038540,1892,1047,KOSDAQ
1487,라온시큐어,042510,9340,1047,KOSDAQ
1488,샌즈랩,411080,6850,1046,KOSDAQ
1489,코츠테크놀로지,448710,19730,1043,KOSDAQ
1490,포니링크,064800,815,1042,KOSDAQ
1491,우리손에프앤지,073560,1503,1041,KOSDAQ
1492,삼익악기,002450,1149,1040,KOSPI
1493,AK홀딩스,006840,7840,1039,KOSPI
1494,아셈스,136410,9420,1038,KOSDAQ
1495,팅크웨어,084730,9340,1038,KOSDAQ
1496,미래에셋글로벌리츠,396690,2615,1036,KOSPI
1497,하이드로리튬,101670,1910,1035,KOSDAQ
1498,디바이스,187870,14680,1033,KOSDAQ
1499,삼기에너지솔루션즈,419050,1803,1031,KOSDAQ
1500,엔브이에이치코리아,067570,2440,1029,KOSDAQ
1501,HL D&I,014790,2715,1028,KOSPI
1502,세운메디칼,100700,2340,1025,KOSDAQ
1503,이지스,261520,10460,1022,KOSDAQ
1504,비트플래닛,049470,868,1022,KOSDAQ
1505,수젠텍,253840,6100,1021,KOSDAQ
1506,에프앤가이드,064850,8940,1020,KOSDAQ
1507,제이아이테크,417500,3105,1018,KOSDAQ
1508,인트론바이오,048530,3055,1014,KOSDAQ
1509,에이치피오,357230,2455,1014,KOSDAQ
1510,코스텍시스,355150,13000,1014,KOSDAQ
1511,CJ씨푸드,011150,2820,1013,KOSPI
1512,CG인바이츠,083790,1316,1012,KOSDAQ
1513,화천기계,010660,4595,1011,KOSPI
1514,나노,187790,3275,1010,KOSDAQ
1515,노을,376930,1968,1009,KOSDAQ
1516,KC코트렐,119650,918,1008,KOSPI
1517,대보마그네틱,290670,12800,1006,KOSDAQ
1518,엠오티,413390,8670,1004,KOSDAQ
1519,이브이첨단소재,131400,1680,1001,KOSDAQ
1520,두산퓨얼셀1우,33626K,7490,1001,KOSPI
1521,아비코전자,036010,7530,1001,KOSDAQ
1522,삼진식품,0013V0,10080,1000,KOSDAQ
1523,DRB동일,004840,4995,996,KOSPI
1524,엔젯,419080,9310,995,KOSDAQ
1525,현대공업,170030,6480,994,KOSDAQ
1526,태웅로직스,124560,2565,993,KOSDAQ
1527,아모그린텍,125210,6020,993,KOSDAQ
1528,딥노이드,315640,3380,993,KOSDAQ
1529,HC보광산업,225530,2730,992,KOSDAQ
1530,이닉스,452400,10930,992,KOSDAQ
1531,황금에스티,032560,5810,988,KOSPI
1532,유라테크,048430,8570,987,KOSDAQ
1533,대성파인텍,104040,736,987,KOSDAQ
1534,푸른기술,094940,11780,985,KOSDAQ
1535,성도이엔지,037350,6350,982,KOSDAQ
1536,삼아제약,009300,15400,981,KOSDAQ
1537,솔본,035610,3580,979,KOSDAQ
1538,TP,007980,1905,975,KOSPI
1539,중앙에너비스,000440,15650,975,KOSDAQ
1540,다원시스,068240,2550,973,KOSDAQ
1541,성창기업지주,000180,1395,973,KOSPI
1542,씨씨에스,066790,1493,973,KOSDAQ
1543,유성티엔에스,024800,2625,973,KOSDAQ
1544,NI스틸,008260,3400,972,KOSPI
1545,에이프로젠바이오로직스,003060,490,972,KOSPI
1546,에이치엠넥스,036170,1584,972,KOSDAQ
1547,크라운해태홀딩스,005740,6530,970,KOSPI
1548,아이로보틱스,066430,2475,969,KOSDAQ
1549,에스트래픽,234300,3560,969,KOSDAQ
1550,자이언트스텝,289220,4325,965,KOSDAQ
1551,에르코스,435570,12640,963,KOSDAQ
1552,엔케이,085310,1220,962,KOSPI
1553,스튜디오미르,408900,2935,961,KOSDAQ
1554,컴퍼니케이,307930,6150,960,KOSDAQ
1555,우리바이오,082850,1981,960,KOSDAQ
1556,조흥,002600,159800,959,KOSPI
1557,핑거,163730,10170,957,KOSDAQ
1558,휴비츠,065510,8310,954,KOSDAQ
1559,대원미디어,048910,7580,953,KOSDAQ
1560,DYP,092780,7240,953,KOSPI
1561,서원인텍,093920,5120,952,KOSDAQ
1562,삼원강재,023000,2380,952,KOSPI
1563,동일고무벨트,163560,6840,951,KOSPI
1564,대한뉴팜,054670,6620,950,KOSDAQ
1565,탑코미디어,134580,1924,948,KOSDAQ
1566,하이로닉,149980,5090,946,KOSDAQ
1567,국제약품,002720,4460,944,KOSPI
1568,케이옥션,102370,3465,943,KOSDAQ
1569,KTis,058860,2710,943,KOSPI
1570,삐아,451250,9170,938,KOSDAQ
1571,지오엘리먼트,311320,7420,936,KOSDAQ
1572,지앤비에스 에코,382800,2940,936,KOSDAQ
1573,팜젠사이언스,004720,4260,935,KOSPI
1574,스톤브릿지벤처스,330730,5130,935,KOSDAQ
1575,화일약품,061250,1080,934,KOSDAQ
1576,신일전자,002700,1314,934,KOSPI
1577,스톰테크,352090,3465,931,KOSDAQ
1578,제일연마,001560,9480,929,KOSPI
1579,경창산업,024910,2590,928,KOSDAQ
1580,KNN,058400,700,927,KOSDAQ
1581,세원물산,024830,11090,926,KOSDAQ
1582,이건홀딩스,039020,4100,926,KOSDAQ
1583,인스코비,006490,734,924,KOSPI
1584,크리스에프앤씨,110790,3940,923,KOSDAQ
1585,리드코프,012700,3490,923,KOSDAQ
1586,영보화학,014440,4605,921,KOSPI
1587,위드텍,348350,9030,920,KOSDAQ
1588,에이에스텍,453860,16240,919,KOSDAQ
1589,동일산업,004890,37750,916,KOSPI
1590,크레오에스지,040350,937,915,KOSDAQ
1591,세코닉스,053450,6180,914,KOSDAQ
1592,알트,459550,3645,914,KOSDAQ
1593,위츠,459100,6820,911,KOSDAQ
1594,대정화금,120240,12640,909,KOSDAQ
1595,폴라리스세원,234100,1294,908,KOSDAQ
1596,삼호개발,010960,3760,907,KOSPI
1597,위닉스,044340,5070,906,KOSDAQ
1598,엑스페릭스,317770,2720,905,KOSDAQ
1599,알파칩스,117670,13580,905,KOSDAQ
1600,유니테크노,241690,3695,904,KOSDAQ
1601,중앙백신,072020,9520,900,KOSDAQ
1602,정상제이엘에스,040420,5730,898,KOSDAQ
1603,SK이노베이션우,096775,71800,896,KOSPI
1604,창해에탄올,004650,9740,895,KOSDAQ
1605,앱튼,270520,455,894,KOSDAQ
1606,GS우,078935,50100,894,KOSPI
1607,폴라리스AI파마,041910,6610,892,KOSDAQ
1608,큐라티스,348080,1091,892,KOSDAQ
1609,SKAI,357880,1902,892,KOSDAQ
1610,내츄럴엔도텍,168330,2805,891,KOSDAQ
1611,팜스코,036580,2425,891,KOSPI
1612,씨케이솔루션,480370,8130,889,KOSPI
1613,HC홈센타,060560,699,887,KOSDAQ
1614,지아이텍,382480,2250,886,KOSDAQ
1615,세종텔레콤,036630,8850,885,KOSDAQ
1616,와이엠텍,273640,8070,885,KOSDAQ
1617,예스24,053280,3535,884,KOSDAQ
1618,지슨,446840,1611,883,KOSDAQ
1619,신신제약,002800,5820,883,KOSDAQ
1620,리메드,302550,2800,882,KOSDAQ
1621,서한,011370,874,882,KOSDAQ
1622,지엠비코리아,013870,4620,881,KOSPI
1623,코리아나,027050,2200,880,KOSDAQ
1624,CS홀딩스,000590,76200,880,KOSPI
1625,나이스디앤비,130580,5710,879,KOSDAQ
1626,인성정보,033230,1739,878,KOSDAQ
1627,화천기공,000850,39900,878,KOSPI
1628,신테카바이오,226330,3615,877,KOSDAQ
1629,영화테크,265560,8190,876,KOSDAQ
1630,세아메카닉스,396300,3300,874,KOSDAQ
1631,크리스탈신소재,900250,668,873,KOSDAQ
1632,화성밸브,039610,8380,872,KOSDAQ
1633,인크로스,216050,6790,872,KOSDAQ
1634,퀀타매트릭스,317690,4350,872,KOSDAQ
1635,아이비김영,339950,1939,872,KOSDAQ
1636,에너토크,019990,8920,870,KOSDAQ
1637,한국선재,025550,3400,867,KOSDAQ
1638,대창솔루션,096350,2350,866,KOSDAQ
1639,아미코젠,092040,1550,864,KOSDAQ
1640,샤페론,378800,1864,862,KOSDAQ
1641,태경케미컬,006890,7410,860,KOSPI
1642,이녹스,088390,9140,858,KOSDAQ
1643,휴비스,079980,2480,856,KOSPI
1644,서진오토모티브,122690,3780,855,KOSDAQ
1645,레이,228670,5480,855,KOSDAQ
1646,이엘씨,041520,7000,853,KOSDAQ
1647,비아트론,141000,7000,848,KOSDAQ
1648,제이엔케이글로벌,126880,3650,847,KOSDAQ
1649,부국증권우,001275,28200,846,KOSPI
1650,키스트론,475430,4730,844,KOSDAQ
1651,노랑풍선,104620,5020,844,KOSDAQ
1652,링네트,042500,3780,843,KOSDAQ
1653,HRS,036640,5150,842,KOSDAQ
1654,케이엔더블유,105330,5240,842,KOSDAQ
1655,오파스넷,173130,6450,841,KOSDAQ
1656,한국특강,007280,1382,840,KOSPI
1657,한국내화,010040,2040,838,KOSPI
1658,제이스텍,090470,4790,837,KOSDAQ
1659,에어레인,163280,12290,836,KOSDAQ
1660,남화산업,111710,4055,835,KOSDAQ
1661,대성창투,027830,1544,834,KOSDAQ
1662,태양금속,004100,2270,833,KOSPI
1663,레이언스,228850,5020,833,KOSDAQ
1664,한울소재과학,091440,2700,833,KOSDAQ
1665,엔에프씨,265740,4655,832,KOSDAQ
1666,트루엔,417790,7930,830,KOSDAQ
1667,팬스타엔터프라이즈,054300,717,830,KOSDAQ
1668,정다운,208140,2535,829,KOSDAQ
1669,센코,347000,2190,828,KOSDAQ
1670,우리넷,115440,7660,827,KOSDAQ
1671,녹십자엠에스,142280,3800,826,KOSDAQ
1672,RF시스템즈,474610,6150,826,KOSDAQ
1673,부산산업,011390,78200,826,KOSPI
1674,진양산업,003780,6350,826,KOSPI
1675,에이치시티,072990,5730,825,KOSDAQ
1676,씨티케이,260930,4265,825,KOSDAQ
1677,동인기연,111380,13460,825,KOSPI
1678,에이텍,045660,9980,824,KOSDAQ
1679,엔바이오니아,317870,9620,822,KOSDAQ
1680,우리산업,215360,9000,822,KOSDAQ
1681,블랙야크아이앤씨,478560,3180,821,KOSDAQ
1682,유니크,011320,4245,820,KOSDAQ
1683,NH프라임리츠,338100,4385,818,KOSPI
1684,세토피아,222810,5400,817,KOSDAQ
1685,위메이드플레이,123420,7740,817,KOSDAQ
1686,코렌텍,104540,6380,816,KOSDAQ
1687,아이큐어,175250,2170,815,KOSDAQ
1688,시공테크,020710,4050,812,KOSDAQ
1689,HLB제넥스,187420,2780,811,KOSDAQ
1690,한컴라이프케어,372910,2930,811,KOSPI
1691,한켐,457370,10100,811,KOSDAQ
1692,제일엠앤에스,412540,3935,811,KOSDAQ
1693,사조오양,006090,8600,810,KOSPI
1694,지엘팜텍,204840,1043,809,KOSDAQ
1695,오비고,352910,6400,809,KOSDAQ
1696,비트맥스,377030,1928,809,KOSDAQ
1697,모나리자,012690,2210,808,KOSPI
1698,참좋은여행,094850,5770,808,KOSDAQ
1699,남광토건,001260,8210,807,KOSPI
1700,3S,060310,1519,806,KOSDAQ
1701,APS,054620,4380,806,KOSDAQ
1702,신송홀딩스,006880,6810,806,KOSPI
1703,SM Life Design,063440,1747,804,KOSDAQ
1704,라이콤,388790,2615,800,KOSDAQ
1705,토마토시스템,393210,5120,799,KOSDAQ
1706,무림페이퍼,009200,1918,798,KOSPI
1707,삼부토건,001470,347,797,KOSPI
1708,NPX,222160,8040,796,KOSDAQ
1709,동방아그로,007590,5840,795,KOSPI
1710,하이딥,365590,2565,794,KOSDAQ
1711,알체라,347860,2050,794,KOSDAQ
1712,메가터치,446540,3820,793,KOSDAQ
1713,덕우전자,263600,4980,793,KOSDAQ
1714,오리엔트정공,065500,2495,792,KOSDAQ
1715,비트컴퓨터,032850,4760,791,KOSDAQ
1716,아이에스티이,212710,8400,790,KOSDAQ
1717,유비벨록스,089850,5360,790,KOSDAQ
1718,한일단조,024740,2400,790,KOSDAQ
1719,FSN,214270,1805,789,KOSDAQ
1720,한솔로지스틱스,009180,2795,787,KOSPI
1721,셀리드,299660,2660,785,KOSDAQ
1722,한국컴퓨터,054040,4880,784,KOSDAQ
1723,데이타솔루션,263800,4830,784,KOSDAQ
1724,제이씨현시스템,033320,4085,781,KOSDAQ
1725,부방,014470,1300,781,KOSDAQ
1726,서플러스글로벌,140070,2110,780,KOSDAQ
1727,대림바스,005750,4650,775,KOSPI
1728,이삭엔지니어링,351330,9340,774,KOSDAQ
1729,유유제약,000220,4540,773,KOSPI
1730,아모레퍼시픽홀딩스우,002795,11990,773,KOSPI
1731,HLB파나진,046210,1699,773,KOSDAQ
1732,삼정펄프,009770,30900,772,KOSPI
1733,동원금속,018500,1646,770,KOSPI
1734,아크솔루션스,203690,4425,769,KOSDAQ
1735,삼기,122350,2000,767,KOSDAQ
1736,큐에스아이,066310,8270,767,KOSDAQ
1737,TJ미디어,032540,5500,766,KOSDAQ
1738,티플랙스,081150,3145,763,KOSDAQ
1739,동방선기,099410,5450,763,KOSDAQ
1740,에이프로,262260,5270,762,KOSDAQ
1741,제로투세븐,159580,3805,762,KOSDAQ
1742,피제이메탈,128660,3070,761,KOSDAQ
1743,삼일씨엔에스,004440,5980,761,KOSPI
1744,HLB펩,196300,8190,761,KOSDAQ
1745,SCL사이언스,246960,2230,759,KOSDAQ
1746,레이저옵텍,199550,6180,758,KOSDAQ
1747,SGC E&C,016250,15000,756,KOSDAQ
1748,우원개발,046940,4170,754,KOSDAQ
1749,아이엠티,451220,9550,752,KOSDAQ
1750,포커스에이아이,331380,2545,752,KOSDAQ
1751,TS트릴리온,317240,532,751,KOSDAQ
1752,차백신연구소,261780,2795,751,KOSDAQ
1753,코어라인소프트,384470,4180,750,KOSDAQ
1754,한국전자인증,041460,3945,750,KOSDAQ
1755,위지트,036090,633,749,KOSDAQ
1756,덕성,004830,4765,747,KOSPI
1757,라이온켐텍,171120,2080,747,KOSDAQ
1758,디와이덕양,024900,2290,746,KOSPI
1759,상지건설,042940,10890,744,KOSDAQ
1760,iMBC,052220,3230,743,KOSDAQ
1761,서남,294630,2815,742,KOSDAQ
1762,씨티알모빌리티,308170,8620,742,KOSPI
1763,한국가구,004590,4940,741,KOSDAQ
1764,와이엠씨,155650,3800,740,KOSDAQ
1765,에코캡,128540,2765,738,KOSDAQ
1766,다보링크,340360,1445,737,KOSDAQ
1767,오픈베이스,049480,2345,737,KOSDAQ
1768,원익큐브,014190,2065,731,KOSDAQ
1769,디지틀조선,033130,1969,731,KOSDAQ
1770,옵티팜,153710,4975,730,KOSDAQ
1771,NHN벅스,104200,4915,729,KOSDAQ
1772,셀바이오휴먼텍,318160,7790,728,KOSDAQ
1773,호전실업,111110,7760,728,KOSPI
1774,제이피아이헬스케어,0010V0,14220,726,KOSDAQ
1775,에스퓨얼셀,288620,10400,726,KOSDAQ
1776,지에스이,053050,2420,726,KOSDAQ
1777,아이씨디,040910,3905,725,KOSDAQ
1778,블리츠웨이엔터테인먼트,369370,1454,725,KOSDAQ
1779,로스웰,900260,1574,725,KOSDAQ
1780,에이스토리,241840,7590,724,KOSDAQ
1781,대현,016090,1630,722,KOSPI
1782,깨끗한나라,004540,1936,721,KOSPI
1783,피엔케이피부임상연구센타,347740,2400,720,KOSDAQ
1784,화인베스틸,133820,1938,719,KOSPI
1785,자이글,234920,5310,718,KOSDAQ
1786,구영테크,053270,2620,718,KOSDAQ
1787,프로티아,303360,5570,717,KOSDAQ
1788,금강철강,053260,3830,717,KOSDAQ
1789,아이티센씨티에스,031820,592,717,KOSPI
1790,경남스틸,039240,2655,716,KOSDAQ
1791,인터지스,129260,2405,715,KOSPI
1792,제이씨케미칼,137950,3210,715,KOSDAQ
1793,현대에이치티,039010,8280,714,KOSDAQ
1794,까뮤이앤씨,013700,1195,714,KOSPI
1795,M83,476080,8860,712,KOSDAQ
1796,서울평가정보,036120,2005,712,KOSDAQ
1797,국순당,043650,3985,712,KOSDAQ
1798,슈프리마에이치큐,094840,6790,711,KOSDAQ
1799,마이크로투나노,424980,11990,710,KOSDAQ
1800,일신바이오,068330,1600,707,KOSDAQ
1801,신일제약,012790,5900,707,KOSDAQ
1802,하이스틸,071090,3495,706,KOSPI
1803,유투바이오,221800,5210,706,KOSDAQ
1804,상상인증권,001290,651,705,KOSPI
1805,꿈비,407400,4815,705,KOSDAQ
1806,코오롱인더우,120115,25450,704,KOSPI
1807,솔디펜스,215090,3040,704,KOSDAQ
1808,에스엠씨지,460870,3520,702,KOSDAQ
1809,금호전기,001210,1140,702,KOSPI
1810,서울리거,043710,809,700,KOSDAQ
1811,윈팩,097800,513,700,KOSDAQ
1812,유니온,000910,4480,699,KOSPI
1813,일지테크,019540,5170,699,KOSDAQ
1814,예림당,036000,3030,698,KOSDAQ
1815,삼양케이씨아이,036670,6190,698,KOSDAQ
1816,위너스,479960,10180,697,KOSDAQ
1817,동일금속,109860,7660,697,KOSDAQ
1818,현대건설우,000725,66000,696,KOSPI
1819,테라사이언스,073640,654,696,KOSDAQ
1820,신스틸,162300,1677,695,KOSDAQ
1821,진양제약,007370,4910,694,KOSDAQ
1822,오리콤,010470,5790,693,KOSDAQ
1823,테이팩스,055490,14530,693,KOSPI
1824,파워넷,037030,2750,693,KOSDAQ
1825,한국첨단소재,062970,3005,693,KOSDAQ
1826,DL이앤씨2우(전환),37550L,32800,693,KOSPI
1827,팬젠,222110,5130,692,KOSDAQ
1828,자연과환경,043910,609,691,KOSDAQ
1829,기신정기,092440,2360,689,KOSPI
1830,홈캐스트,064240,1966,689,KOSDAQ
1831,인크레더블버즈,064090,1384,688,KOSDAQ
1832,이노메트리,302430,7000,688,KOSDAQ
1833,서암기계공업,100660,5450,687,KOSDAQ
1834,엠투엔,033310,1702,687,KOSDAQ
1835,인지소프트,100030,20900,686,KOSDAQ
1836,SDN,099220,1056,686,KOSDAQ
1837,엔시스,333620,6490,685,KOSDAQ
1838,우듬지팜,403490,1491,685,KOSDAQ
1839,삼현철강,017480,4360,685,KOSDAQ
1840,아스플로,159010,5120,683,KOSDAQ
1841,SG글로벌,001380,1518,683,KOSPI
1842,텔콘RF제약,200230,996,682,KOSDAQ
1843,소마젠,950200,3545,682,KOSDAQ
1844,케이엘넷,039420,2815,680,KOSDAQ
1845,대림제지,017650,7700,676,KOSDAQ
1846,푸드나무,290720,1965,675,KOSDAQ
1847,아이디피,332370,5080,674,KOSDAQ
1848,에스넷,038680,3375,672,KOSDAQ
1849,유신,054930,22400,672,KOSDAQ
1850,혜인,003010,5280,671,KOSPI
1851,티이엠씨씨엔에스,241790,6710,671,KOSDAQ
1852,웨이브일렉트로,095270,4665,670,KOSDAQ
1853,지에프씨생명과학,388610,12760,670,KOSDAQ
1854,나무기술,242040,1930,668,KOSDAQ
1855,액토즈소프트,052790,5890,667,KOSDAQ
1856,남양유업우,003925,33350,667,KOSPI
1857,오리엔트바이오,002630,562,666,KOSPI
1858,엘컴텍,037950,789,666,KOSDAQ
1859,아이진,185490,1541,666,KOSDAQ
1860,이상네트웍스,080010,6770,666,KOSDAQ
1861,케이사인,192250,9420,666,KOSDAQ
1862,모바일어플라이언스,087260,2040,664,KOSDAQ
1863,화승알앤에이,378850,3495,664,KOSPI
1864,노브랜드,145170,3920,663,KOSDAQ
1865,광명전기,017040,1529,663,KOSPI
1866,제이엔비,452160,6870,661,KOSDAQ
1867,우리산업홀딩스,072470,3495,660,KOSDAQ
1868,코스맥스엔비티,222040,3200,660,KOSDAQ
1869,와이랩,432430,3995,660,KOSDAQ
1870,시그네틱스,033170,766,657,KOSDAQ
1871,화인써키트,127980,5540,656,KOSDAQ
1872,보락,002760,1093,655,KOSPI
1873,아이티센엔텍,010280,1005,654,KOSDAQ
1874,SG세계물산,004060,323,654,KOSPI
1875,제너셈,217190,4970,654,KOSDAQ
1876,엔에스이엔엠,078860,1100,653,KOSDAQ
1877,비아이매트릭스,413640,9050,652,KOSDAQ
1878,동아엘텍,088130,3730,652,KOSDAQ
1879,미래에셋맵스리츠,357250,2600,650,KOSPI
1880,백금T&A,046310,3955,649,KOSDAQ
1881,우리로,046970,1480,649,KOSDAQ
1882,한성크린텍,066980,1248,648,KOSDAQ
1883,링크제니시스,219420,5640,647,KOSDAQ
1884,네오크레마,311390,5110,647,KOSDAQ
1885,덴티스,261200,4080,645,KOSDAQ
1886,캠시스,050110,873,644,KOSDAQ
1887,유니온머티리얼,047400,1532,643,KOSPI
1888,비상교육,100220,4940,642,KOSPI
1889,데이원컴퍼니,373160,4650,642,KOSDAQ
1890,제이스코홀딩스,023440,724,642,KOSDAQ
1891,선바이오,067370,5260,641,KOSDAQ
1892,동일기연,032960,15570,641,KOSDAQ
1893,알리코제약,260660,4180,641,KOSDAQ
1894,에이아이코리아,364950,7690,638,KOSDAQ
1895,사이냅소프트,466410,12660,638,KOSDAQ
1896,엑스플러스,373200,579,637,KOSDAQ
1897,다스코,058730,3365,636,KOSPI
1898,대성하이텍,129920,4615,633,KOSDAQ
1899,강동씨앤엘,198440,1038,632,KOSDAQ
1900,뉴온,123840,993,632,KOSDAQ
1901,한울반도체,320000,1919,631,KOSDAQ
1902,수산아이앤티,050960,9330,630,KOSDAQ
1903,베노티앤알,206400,1679,630,KOSDAQ
1904,대모,317850,7560,629,KOSDAQ
1905,알에프텍,061040,1960,629,KOSDAQ
1906,유라클,088340,14410,629,KOSDAQ
1907,KBI메탈,024840,1800,628,KOSDAQ
1908,멤레이비티,072770,782,627,KOSDAQ
1909,소노스퀘어,007720,622,627,KOSDAQ
1910,명문제약,017180,1846,627,KOSPI
1911,인지디스플레,037330,1426,626,KOSDAQ
1912,NEW,160550,2240,625,KOSDAQ
1913,DH오토웨어,025440,1280,624,KOSDAQ
1914,희림,037440,4475,623,KOSDAQ
1915,오상자이엘,053980,3280,623,KOSDAQ
1916,푸드웰,005670,6220,622,KOSDAQ
1917,조광페인트,004910,4855,621,KOSPI
1918,비투엔,307870,1043,621,KOSDAQ
1919,린드먼아시아,277070,4520,619,KOSDAQ
1920,대진첨단소재,393970,4170,619,KOSDAQ
1921,서원,021050,1303,619,KOSPI
1922,와이어블,065530,1293,619,KOSDAQ
1923,삼화왕관,004450,28700,618,KOSPI
1924,전방,000950,36800,618,KOSPI
1925,새론오토모티브,075180,3220,618,KOSPI
1926,더라미,032860,1530,618,KOSDAQ
1927,그린생명과학,114450,3090,618,KOSDAQ
1928,상신브레이크,041650,2875,617,KOSPI
1929,모아라이프플러스,142760,1539,614,KOSDAQ
1930,흥국에프엔비,189980,1528,613,KOSDAQ
1931,롯데칠성우,005305,79000,612,KOSPI
1932,이오플로우,294090,1490,612,KOSDAQ
1933,에프엔씨엔터,173940,3975,612,KOSDAQ
1934,옵트론텍,082210,1841,611,KOSDAQ
1935,고려산업,002140,2450,611,KOSPI
1936,산돌,419120,4035,611,KOSDAQ
1937,캐리소프트,317530,4310,610,KOSDAQ
1938,쎄니트,037760,1802,610,KOSDAQ
1939,디알젬,263690,5380,609,KOSDAQ
1940,SJM,123700,3900,609,KOSPI
1941,코콤,015710,3470,608,KOSDAQ
1942,포메탈,119500,5120,607,KOSDAQ
1943,미래생명자원,218150,2970,606,KOSDAQ
1944,토탈소프트,045340,7080,606,KOSDAQ
1945,제일바이오,052670,2080,606,KOSDAQ
1946,키이스트,054780,3070,603,KOSDAQ
1947,현우산업,092300,3170,602,KOSDAQ
1948,DSR,155660,3755,601,KOSPI
1949,아티스트컴퍼니,321820,3845,599,KOSDAQ
1950,KX하이텍,052900,917,599,KOSDAQ
1951,에스씨디,042110,1240,599,KOSDAQ
1952,SK케미칼우,28513K,28300,599,KOSPI
1953,인디에프,014990,797,599,KOSPI
1954,씨아이테크,004920,1147,599,KOSPI
1955,제노레이,122310,4110,598,KOSDAQ
1956,그린플러스,186230,5460,596,KOSDAQ
1957,브리지텍,064480,4965,593,KOSDAQ
1958,THE CUBE&,013720,975,593,KOSDAQ
1959,미래산업,025560,13200,592,KOSPI
1960,SG&G,040610,1735,591,KOSDAQ
1961,쓰리에이로직스,177900,6160,590,KOSDAQ
1962,티비씨,033830,589,589,KOSDAQ
1963,서린바이오,038070,6430,585,KOSDAQ
1964,민테크,452200,2460,584,KOSDAQ
1965,성안머티리얼스,011300,375,584,KOSPI
1966,흥국,010240,4985,584,KOSDAQ
1967,원풍,008370,4855,583,KOSDAQ
1968,써니전자,004770,1640,582,KOSPI
1969,DGI,099520,1284,581,KOSDAQ
1970,형지엘리트,093240,1514,581,KOSPI
1971,포인트엔지니어링,256630,1002,581,KOSDAQ
1972,케이비아이동국실업,001620,521,580,KOSPI
1973,아이에이,038880,154,579,KOSDAQ
1974,다원넥스뷰,323350,7200,577,KOSDAQ
1975,엔투텍,227950,334,576,KOSDAQ
1976,평화홀딩스,010770,3940,576,KOSPI
1977,대원,007680,4280,576,KOSDAQ
1978,조비,001550,11080,575,KOSPI
1979,나라엠앤디,051490,4050,575,KOSDAQ
1980,EDGC,245620,415,575,KOSDAQ
1981,TPC,048770,3655,574,KOSDAQ
1982,서울식품,004410,147,574,KOSPI
1983,유엔젤,072130,4435,572,KOSPI
1984,잉크테크,049550,2915,572,KOSDAQ
1985,보해양조,000890,413,570,KOSPI
1986,에스코넥,096630,718,570,KOSDAQ
1987,셀로맥스사이언스,471820,4920,570,KOSDAQ
1988,디티씨,066670,3045,569,KOSDAQ
1989,아진전자부품,009320,1154,569,KOSPI
1990,에쓰씨엔지니어링,023960,1494,568,KOSPI
1991,씨앤투스,352700,2160,568,KOSDAQ
1992,덕신이피씨,090410,1229,566,KOSDAQ
1993,모아텍,033200,3950,566,KOSDAQ
1994,포시에스,189690,2070,566,KOSDAQ
1995,성문전자,014910,2515,565,KOSPI
1996,해성옵틱스,076610,1167,564,KOSDAQ
1997,대양금속,009190,1306,564,KOSPI
1998,앱토크롬,109960,255,563,KOSDAQ
1999,탑엔지니어링,065130,3515,563,KOSDAQ
2000,플레이디,237820,4385,562,KOSDAQ
2001,코디,080530,1013,562,KOSDAQ
2002,신한글로벌액티브리츠,481850,1292,562,KOSPI
2003,삼화전자,011230,2930,562,KOSPI
2004,이글루,067920,5100,561,KOSDAQ
2005,에코볼트,097780,827,560,KOSDAQ
2006,알피바이오,314140,6460,560,KOSDAQ
2007,티사이언티픽,057680,785,559,KOSDAQ
2008,신라섬유,001000,2300,558,KOSDAQ
2009,SJM홀딩스,025530,3735,558,KOSPI
2010,한화솔루션우,009835,21650,558,KOSPI
2011,DSR제강,069730,3865,557,KOSPI
2012,대륙제관,004780,3495,556,KOSDAQ
2013,유일에너테크,340930,1044,553,KOSDAQ
2014,SB성보,003080,2760,553,KOSPI
2015,하츠,066130,4310,552,KOSDAQ
2016,유성기업,002920,2125,551,KOSPI
2017,제일테크노스,038010,6110,550,KOSDAQ
2018,HB인베스트먼트,440290,1999,550,KOSDAQ
2019,대구백화점,006370,5080,550,KOSPI
2020,픽셀플러스,087600,6720,549,KOSDAQ
2021,램테크놀러지,171010,3830,548,KOSDAQ
2022,에스디생명공학,217480,499,548,KOSDAQ
2023,라메디텍,462510,6220,548,KOSDAQ
2024,삼천리자전거,024950,4120,547,KOSDAQ
2025,평화산업,090080,996,547,KOSPI
2026,한국팩키지,037230,1832,546,KOSDAQ
2027,에이비프로바이오,195990,191,544,KOSDAQ
2028,포스뱅크,105760,5330,542,KOSDAQ
2029,태양,053620,6300,542,KOSDAQ
2030,선도전기,007610,3000,540,KOSPI
2031,엠젠솔루션,032790,1051,540,KOSDAQ
2032,지더블유바이텍,036180,577,539,KOSDAQ
2033,비큐AI,148780,1713,539,KOSDAQ
2034,파이오링크,170790,8400,537,KOSDAQ
2035,알비더블유,361570,1866,536,KOSDAQ
2036,사토시홀딩스,223310,2060,536,KOSDAQ
2037,트윔,290090,7200,536,KOSDAQ
2038,범양건영,002410,1935,532,KOSPI
2039,SGA솔루션즈,184230,597,530,KOSDAQ
2040,TS인베스트먼트,246690,1271,527,KOSDAQ
2041,이글벳,044960,4160,526,KOSDAQ
2042,아티스트스튜디오,200350,5260,526,KOSDAQ
2043,SK디스커버리우,006125,40050,526,KOSPI
2044,코리아써우,007815,17700,525,KOSPI
2045,시선AI,340810,4050,525,KOSDAQ
2046,엔텔스,069410,5120,525,KOSDAQ
2047,대유에이텍,002880,1120,524,KOSPI
2048,신화인터텍,056700,1798,524,KOSDAQ
2049,진양화학,051630,2470,524,KOSPI
2050,인포뱅크,039290,6020,523,KOSDAQ
2051,와이엠,007530,2350,523,KOSDAQ
2052,차이커뮤니케이션,351870,4685,523,KOSDAQ
2053,뱅크웨어글로벌,199480,5120,522,KOSDAQ
2054,동우팜투테이블,088910,2020,522,KOSDAQ
2055,티웨이홀딩스,004870,460,521,KOSPI
2056,보라티알,250000,7710,520,KOSDAQ
2057,티디에스팜,464280,9410,520,KOSDAQ
2058,한국비티비,219750,793,519,KOSDAQ
2059,아이앤씨,052860,2900,518,KOSDAQ
2060,인스웨이브,450520,3520,518,KOSDAQ
2061,인스피언,465480,5100,517,KOSDAQ
2062,리튬포어스,073570,859,517,KOSDAQ
2063,영림원소프트랩,060850,6350,516,KOSDAQ
2064,얼라인드,238120,3590,516,KOSDAQ
2065,캐프,198080,2395,516,KOSDAQ
2066,알에프세미,096610,2965,516,KOSDAQ
2067,에이텍모빌리티,224110,9650,515,KOSDAQ
2068,갤럭시아에스엠,011420,1870,515,KOSPI
2069,씨유테크,376290,2915,515,KOSDAQ
2070,케어랩스,263700,2650,514,KOSDAQ
2071,메타케어,118000,299,514,KOSPI
2072,코위버,056360,5240,513,KOSDAQ
2073,팸텍,271830,1740,513,KOSDAQ
2074,오브젠,417860,10910,512,KOSDAQ
2075,나노실리칸첨단소재,286750,1597,512,KOSDAQ
2076,이스트에이드,239340,1890,510,KOSDAQ
2077,BYC우,001465,23550,507,KOSPI
2078,유안타증권우,003475,3925,507,KOSPI
2079,피엔에이치테크,239890,5100,507,KOSDAQ
2080,크라우드웍스,355390,3725,507,KOSDAQ
2081,팬엔터테인먼트,068050,1825,505,KOSDAQ
2082,메이슨캐피탈,021880,238,505,KOSDAQ
2083,머큐리,100590,3190,505,KOSDAQ
2084,블루콤,033560,2950,504,KOSDAQ
2085,영화금속,012280,976,504,KOSPI
2086,한국종합기술,023350,4600,504,KOSPI
2087,우양,103840,3070,502,KOSDAQ
2088,EG,037370,5820,502,KOSDAQ
2089,네오펙트,290660,696,502,KOSDAQ
2090,프로이천,321260,1779,502,KOSDAQ
2091,씨엔알리서치,359090,870,500,KOSDAQ
2092,우성,006980,16150,499,KOSPI
2093,상신전자,263810,3130,498,KOSDAQ
2094,모비데이즈,363260,1549,498,KOSDAQ
2095,옴니시스템,057540,837,498,KOSDAQ
2096,한솔홈데코,025750,617,497,KOSPI
2097,금비,008870,49700,497,KOSPI
2098,경남제약,053950,635,496,KOSDAQ
2099,마스턴프리미어리츠,357430,1626,496,KOSPI
2100,케이지에이,455180,3550,496,KOSDAQ
2101,옵티시스,109080,8760,494,KOSDAQ
2102,다산디엠씨,208860,1449,492,KOSDAQ
2103,효성오앤비,097870,5790,492,KOSDAQ
2104,YBM넷,057030,3010,491,KOSDAQ
2105,화신정공,126640,1400,491,KOSDAQ
2106,엔젠바이오,354200,1952,489,KOSDAQ
2107,한싹,430690,4475,488,KOSDAQ
2108,웨이버스,336060,1012,487,KOSDAQ
2109,와토스코리아,079000,6760,487,KOSDAQ
2110,디와이디,219550,1555,486,KOSDAQ
2111,블루산업개발,006740,853,486,KOSPI
2112,PN풍년,024940,4860,486,KOSDAQ
2113,삼화네트웍스,046390,1119,483,KOSDAQ
2114,엘엠에스,073110,5430,483,KOSDAQ
2115,제이투케이바이오,420570,8250,482,KOSDAQ
2116,프리시젼바이오,335810,2685,482,KOSDAQ
2117,마니커,027740,759,482,KOSPI
2118,DH오토리드,290120,3045,482,KOSDAQ
2119,버넥트,438700,4320,481,KOSDAQ
2120,코스나인,082660,480,478,KOSDAQ
2121,일월지엠엘,178780,2565,478,KOSDAQ
2122,휴림에이텍,078590,683,478,KOSDAQ
2123,진매트릭스,109820,2340,477,KOSDAQ
2124,케일럼,258610,1306,476,KOSDAQ
2125,시큐레터,418250,6550,476,KOSDAQ
2126,유화증권우,003465,2725,476,KOSPI
2127,영흥,012160,469,475,KOSPI
2128,네이블,153460,7270,475,KOSDAQ
2129,수성웹툰,084180,2620,474,KOSDAQ
2130,상보,027580,797,472,KOSDAQ
2131,미트박스,475460,8390,471,KOSDAQ
2132,하스,450330,5740,470,KOSDAQ
2133,싸이버원,356890,3930,470,KOSDAQ
2134,비씨월드제약,200780,4825,470,KOSDAQ
2135,심플랫폼,444530,7350,470,KOSDAQ
2136,기가레인,049080,553,469,KOSDAQ
2137,제이에스티나,026040,2835,468,KOSDAQ
2138,에이전트AI,060900,586,468,KOSDAQ
2139,DL이앤씨우,37550K,22100,467,KOSPI
2140,원바이오젠,307280,6580,467,KOSDAQ
2141,승일,049830,7600,466,KOSDAQ
2142,오토앤,353590,3610,465,KOSDAQ
2143,일진디스플,020760,902,465,KOSPI
2144,파수,150900,3970,465,KOSDAQ
2145,아이비젼웍스,469750,1346,464,KOSDAQ
2146,서연탑메탈,019770,3975,463,KOSDAQ
2147,제이티,089790,4485,463,KOSDAQ
2148,모니터랩,434480,3740,460,KOSDAQ
2149,케이엠,083550,3555,460,KOSDAQ
2150,아이크래프트,052460,3150,460,KOSDAQ
2151,빛샘전자,072950,5700,459,KOSDAQ
2152,코맥스,036690,2885,459,KOSDAQ
2153,닷밀,464580,2490,458,KOSDAQ
2154,웰크론,065950,1613,455,KOSDAQ
2155,케이씨티,089150,2655,455,KOSDAQ
2156,압타머사이언스,291650,1131,455,KOSDAQ
2157,오텍,067170,1900,454,KOSDAQ
2158,피코그램,376180,2440,453,KOSDAQ
2159,고려제약,014570,4115,453,KOSDAQ
2160,아이언디바이스,464500,3240,452,KOSDAQ
2161,코리아에셋투자증권,190650,7060,451,KOSDAQ
2162,라온피플,300120,2155,450,KOSDAQ
2163,국영지앤엠,006050,1288,449,KOSDAQ
2164,뉴트리,270870,4885,449,KOSDAQ
2165,헝셩그룹,900270,184,449,KOSDAQ
2166,케이씨피드,025880,2685,449,KOSDAQ
2167,이건산업,008250,4090,448,KOSPI
2168,저스템,417840,6150,447,KOSDAQ
2169,대창스틸,140520,2110,445,KOSDAQ
2170,누보,332290,1116,445,KOSDAQ
2171,오아,342870,7600,445,KOSDAQ
2172,마니커에프앤지,195500,2785,445,KOSDAQ
2173,아이빔테크놀로지,460470,2940,444,KOSDAQ
2174,인산가,277410,1155,444,KOSDAQ
2175,폴라리스우노,114630,503,442,KOSDAQ
2176,케이탑리츠,145270,917,441,KOSPI
2177,신풍제약우,019175,19960,439,KOSPI
2178,한독크린텍,256150,5230,439,KOSDAQ
2179,삼일기업공사,002290,3540,439,KOSDAQ
2180,제이엠티,094970,2610,437,KOSDAQ
2181,카티스,140430,817,437,KOSDAQ
2182,유니온바이오메트릭스,203450,3095,436,KOSDAQ
2183,남화토건,091590,3710,436,KOSDAQ
2184,KB오토시스,024120,3785,435,KOSDAQ
2185,포인트모바일,318020,3530,434,KOSDAQ
2186,앱코,129890,953,434,KOSDAQ
2187,와이즈버즈,273060,860,434,KOSDAQ
2188,주성코퍼레이션,109070,821,434,KOSPI
2189,자비스,254120,1409,433,KOSDAQ
2190,바이오톡스텍,086040,2715,433,KOSDAQ
2191,STX그린로지스,465770,6040,433,KOSPI
2192,디에이피,066900,1904,433,KOSDAQ
2193,위즈코프,038620,571,432,KOSDAQ
2194,씨큐브,101240,3980,432,KOSDAQ
2195,누리플렉스,040160,3585,432,KOSDAQ
2196,큐캐피탈,016600,242,431,KOSDAQ
2197,코아스,071950,3645,431,KOSPI
2198,에이치엘사이언스,239610,7970,430,KOSDAQ
2199,쎄노텍,222420,943,429,KOSDAQ
2200,유에스티,263770,1807,428,KOSDAQ
2201,나래나노텍,137080,3870,428,KOSDAQ
2202,티엔엔터테인먼트,131100,1322,426,KOSDAQ
2203,메타랩스,090370,1708,425,KOSPI
2204,에코바이오,038870,3035,425,KOSDAQ
2205,이엠넷,123570,1907,425,KOSDAQ
2206,한네트,052600,3655,423,KOSDAQ
2207,CNT85,056730,570,422,KOSDAQ
2208,씨이랩,189330,4485,421,KOSDAQ
2209,YW,051390,3700,420,KOSDAQ
2210,아세아텍,050860,1867,420,KOSDAQ
2211,파인테크닉스,106240,2035,419,KOSDAQ
2212,케이디켐,221980,10370,418,KOSDAQ
2213,캔버스엔,210120,1725,418,KOSDAQ
2214,파인메딕스,387570,7420,417,KOSDAQ
2215,캡스톤파트너스,452300,2955,417,KOSDAQ
2216,디케이앤디,263020,3015,417,KOSDAQ
2217,앤디포스,238090,1772,417,KOSDAQ
2218,이화산업,000760,14890,417,KOSPI
2219,코아시아씨엠,196450,919,416,KOSDAQ
2220,케이쓰리아이,431190,5560,416,KOSDAQ
2221,엔피,291230,943,416,KOSDAQ
2222,프롬바이오,377220,1467,415,KOSDAQ
2223,문배철강,008420,2025,415,KOSPI
2224,브레인즈컴퍼니,099390,5050,415,KOSDAQ
2225,서전기전,189860,4270,414,KOSDAQ
2226,엑시큐어하이트론,019490,541,413,KOSPI
2227,영우디에스피,143540,927,413,KOSDAQ
2228,바이브컴퍼니,301300,3135,412,KOSDAQ
2229,그리티,204020,2120,412,KOSDAQ
2230,핸디소프트,220180,1717,411,KOSDAQ
2231,오늘이엔엠,192410,880,411,KOSDAQ
2232,동국알앤에스,075970,2230,410,KOSDAQ
2233,메가엠디,133750,1749,409,KOSDAQ
2234,파라텍,033540,1084,409,KOSDAQ
2235,비비씨,318410,7330,407,KOSDAQ
2236,파버나인,177830,3015,407,KOSDAQ
2237,세림B&G,340440,1432,406,KOSDAQ
2238,이루온,065440,1489,406,KOSDAQ
2239,애드포러스,397810,7840,405,KOSDAQ
2240,SH에너지화학,002360,364,405,KOSPI
2241,오가닉티코스메틱,900300,161,404,KOSDAQ
2242,오공,045060,2380,403,KOSDAQ
2243,피엔티엠에스,257370,3220,403,KOSDAQ
2244,부국철강,026940,2010,402,KOSPI
2245,프리엠스,053160,6690,401,KOSDAQ
2246,한국큐빅,021650,2440,399,KOSDAQ
2247,위세아이텍,065370,5400,399,KOSDAQ
2248,썸에이지,208640,286,398,KOSDAQ
2249,우진플라임,049800,1987,397,KOSPI
2250,시디즈,134790,19840,397,KOSPI
2251,에스켐,475660,5000,396,KOSDAQ
2252,플레이그램,009810,261,396,KOSPI
2253,케이피엠테크,042040,203,396,KOSDAQ
2254,윙입푸드,900340,787,396,KOSDAQ
2255,한화갤러리아우,45226K,13610,395,KOSPI
2256,알파AI,043100,1963,395,KOSDAQ
2257,신한제11호스팩,452980,2080,393,KOSDAQ
2258,이노뎁,303530,5320,390,KOSDAQ
2259,누리플랜,069140,2710,390,KOSDAQ
2260,ES큐브,050120,2875,390,KOSDAQ
2261,에이루트,096690,1612,389,KOSDAQ
2262,플랜티넷,075130,2340,389,KOSDAQ
2263,뉴키즈온,462310,4750,389,KOSDAQ
2264,성우전자,081580,2505,388,KOSDAQ
2265,아이지넷,462980,2130,388,KOSDAQ
2266,하이즈항공,221840,2075,388,KOSDAQ
2267,에쎈테크,043340,408,388,KOSDAQ
2268,엠아이큐브솔루션,373170,7690,387,KOSDAQ
2269,테크엘,064520,1731,387,KOSDAQ
2270,휴맥스,115160,875,385,KOSDAQ
2271,KBG,318000,4400,385,KOSDAQ
2272,아시아경제,127710,1100,384,KOSDAQ
2273,에스에이티,060540,1469,384,KOSDAQ
2274,한화투자증권우,003535,7980,383,KOSPI
2275,부산주공,005030,486,383,KOSPI
2276,손오공,066910,569,381,KOSDAQ
2277,대신정보통신,020180,989,380,KOSDAQ
2278,GH신소재,130500,2605,379,KOSDAQ
2279,동양파일,228340,1886,377,KOSDAQ
2280,아이즈비전,031310,1430,377,KOSDAQ
2281,대원화성,024890,912,376,KOSPI
2282,휴엠앤씨,263920,3825,375,KOSDAQ
2283,체리부로,066360,782,375,KOSDAQ
2284,이엔플러스,074610,5110,375,KOSPI
2285,휴네시온,290270,3890,374,KOSDAQ
2286,신풍,002870,1064,372,KOSPI
2287,오션인더블유,052300,2200,371,KOSDAQ
2288,신원종합개발,017000,3165,369,KOSDAQ
2289,DL우,000215,21900,369,KOSPI
2290,코퍼스코리아,322780,860,369,KOSDAQ
2291,THE E&M,089230,1208,369,KOSDAQ
2292,스페코,013810,2515,369,KOSDAQ
2293,알티캐스트,085810,591,368,KOSDAQ
2294,엑스큐어,070300,1579,368,KOSDAQ
2295,오픈놀,440320,3740,368,KOSDAQ
2296,이렘,009730,593,367,KOSDAQ
2297,컬러레이,900310,571,366,KOSDAQ
2298,진바이오텍,086060,4240,365,KOSDAQ
2299,힘스,238490,3220,364,KOSDAQ
2300,아이퀘스트,262840,1720,364,KOSDAQ
2301,글로본,019660,2600,363,KOSDAQ
2302,넥스턴앤롤코리아,089140,2430,362,KOSDAQ
2303,디에이테크놀로지,196490,203,362,KOSDAQ
2304,제놀루션,225220,1888,362,KOSDAQ
2305,율촌,146060,1507,362,KOSDAQ
2306,솔루스첨단소재1우,33637K,2130,360,KOSPI
2307,이화공영,001840,1616,360,KOSDAQ
2308,동일스틸럭스,023790,1377,360,KOSDAQ
2309,카이노스메드,284620,1087,360,KOSDAQ
2310,피델릭스,032580,1085,359,KOSDAQ
2311,모나미,005360,1900,359,KOSPI
2312,모헨즈,006920,3280,358,KOSDAQ
2313,에스씨엠생명과학,298060,810,358,KOSDAQ
2314,코셈,360350,6250,358,KOSDAQ
2315,KR모터스,000040,414,358,KOSPI
2316,셀피글로벌,068940,778,357,KOSDAQ
2317,티케이지애강,022220,687,356,KOSDAQ
2318,우정바이오,215380,2110,355,KOSDAQ
2319,신화콘텍,187270,3485,354,KOSDAQ
2320,엠브레인,169330,1928,353,KOSDAQ
2321,이노시뮬레이션,274400,3885,353,KOSDAQ
2322,프럼파스트,035200,3620,352,KOSDAQ
2323,엔비티,236810,2075,352,KOSDAQ
2324,대한과학,131220,4720,352,KOSDAQ
2325,씨유메디칼,115480,580,352,KOSDAQ
2326,씨싸이트,109670,6020,351,KOSDAQ
2327,원일특강,012620,7970,351,KOSDAQ
2328,아이티센피엔에스,232830,2120,351,KOSDAQ
2329,캐스텍코리아,071850,1444,350,KOSDAQ
2330,서울제약,018680,3000,350,KOSDAQ
2331,신진에스엠,138070,1990,348,KOSDAQ
2332,아이윈플러스,123010,1066,348,KOSDAQ
2333,한익스프레스,014130,2900,348,KOSPI
2334,MH에탄올,023150,4700,347,KOSPI
2335,대한방직,001070,6530,346,KOSPI
2336,오디텍,080520,3055,346,KOSDAQ
2337,에스지헬스케어,398120,3045,344,KOSDAQ
2338,윙스풋,335870,2055,344,KOSDAQ
2339,웹스,196700,2385,343,KOSDAQ
2340,대림통상,006570,2240,341,KOSPI
2341,피엠티,147760,3145,340,KOSDAQ
2342,파인디앤씨,049120,641,340,KOSDAQ
2343,유니드비티플러스,446070,3195,339,KOSPI
2344,아이컴포넌트,059100,4785,338,KOSDAQ
2345,소프트캠프,258790,1350,337,KOSDAQ
2346,라닉스,317120,2210,337,KOSDAQ
2347,루멘스,038060,700,337,KOSDAQ
2348,진시스템,363250,4770,336,KOSDAQ
2349,세우글로벌,013000,1169,336,KOSPI
2350,한창산업,079170,6450,335,KOSDAQ
2351,우리이앤엘,153490,650,335,KOSDAQ
2352,바이오포트,188040,7140,334,KOSDAQ
2353,원티드랩,376980,3420,334,KOSDAQ
2354,육일씨엔에쓰,191410,2980,334,KOSDAQ
2355,플래티어,367000,3980,334,KOSDAQ
2356,세화피앤씨,252500,804,334,KOSDAQ
2357,파루,043200,796,333,KOSDAQ
2358,애드바이오텍,179530,2030,332,KOSDAQ
2359,원림,005820,14440,332,KOSPI
2360,부스타,008470,3940,331,KOSDAQ
2361,한성기업,003680,5320,330,KOSPI
2362,에코글로우,159910,631,330,KOSDAQ
2363,쏘닉스,088280,1896,328,KOSDAQ
2364,동일제강,002690,1615,328,KOSPI
2365,키네마스터,139670,2320,328,KOSDAQ
2366,체시스,033250,1020,326,KOSPI
2367,벡트,457600,2380,326,KOSDAQ
2368,나라셀라,405920,2530,326,KOSDAQ
2369,성우테크론,045300,3145,325,KOSDAQ
2370,세방우,004365,8810,325,KOSPI
2371,두산퓨얼셀2우B,33626L,10840,324,KOSPI
2372,포톤,208710,2455,324,KOSDAQ
2373,한국맥널티,222980,2920,322,KOSDAQ
2374,삼진,032750,3550,321,KOSDAQ
2375,다이나믹디자인,145210,759,321,KOSPI
2376,파인텍,131760,737,320,KOSDAQ
2377,케이웨더,068100,3210,319,KOSDAQ
2378,리더스코스메틱,016100,1670,319,KOSDAQ
2379,에넥스,011090,531,319,KOSPI
2380,성창오토텍,080470,4340,317,KOSDAQ
2381,핑거스토리,417180,1805,317,KOSDAQ
2382,디티앤씨알오,383930,2475,316,KOSDAQ
2383,무림SP,001810,1429,316,KOSDAQ
2384,알로이스,297570,908,314,KOSDAQ
2385,형지글로벌,308100,1306,314,KOSDAQ
2386,신시웨이,290560,8400,313,KOSDAQ
2387,이원컴포텍,088290,783,312,KOSDAQ
2388,넥사다이내믹스,351320,1083,312,KOSDAQ
2389,경인전자,009140,19750,310,KOSPI
2390,이미지스,115610,1308,309,KOSDAQ
2391,드림인사이트,362990,1836,308,KOSDAQ
2392,피씨디렉트,051380,2010,308,KOSDAQ
2393,에이치와이티씨,148930,3030,308,KOSDAQ
2394,형지I&C,011080,717,308,KOSDAQ
2395,대덕전자1우,35320K,14670,307,KOSPI
2396,아이윈,090150,734,307,KOSDAQ
2397,엑시온그룹,069920,659,306,KOSDAQ
2398,모코엠시스,333050,1244,306,KOSDAQ
2399,한창제지,009460,512,305,KOSPI
2400,우진아이엔에스,010400,4005,305,KOSPI
2401,한국전자홀딩스,006200,651,305,KOSPI
2402,알엔투테크놀로지,148250,3225,305,KOSDAQ
2403,에이에프더블류,312610,1500,304,KOSDAQ
2404,한주라이트메탈,198940,779,303,KOSDAQ
2405,디모아,016670,3990,303,KOSDAQ
2406,이씨에스,067010,2460,302,KOSDAQ
2407,파인디지털,038950,2960,302,KOSDAQ
2408,에스엘에스바이오,246250,1969,302,KOSDAQ
2409,엔에이치스팩29호,451700,2105,302,KOSDAQ
2410,NE능률,053290,1813,300,KOSDAQ
2411,멕아이씨에스,058110,1866,300,KOSDAQ
2412,SUN&L,002820,2375,299,KOSPI
2413,미디어젠,279600,6390,299,KOSDAQ
2414,WISCOM,024070,1950,299,KOSPI
2415,롤링스톤,214610,3565,299,KOSDAQ
2416,바른손,018700,850,299,KOSDAQ
2417,한빛소프트,047080,1202,298,KOSDAQ
2418,온타이드,005320,435,297,KOSPI
2419,링크드,193250,460,297,KOSDAQ
2420,진양폴리,010640,2970,297,KOSPI
2421,엠에프씨,432980,3455,297,KOSDAQ
2422,KS인더스트리,101000,887,297,KOSDAQ
2423,모아데이타,288980,858,296,KOSDAQ
2424,세기상사,002420,4965,296,KOSPI
2425,시큐브,131090,3705,296,KOSDAQ
2426,미래아이앤지,007120,1026,296,KOSPI
2427,신도기연,290520,1856,296,KOSDAQ
2428,디지캡,197140,2270,295,KOSDAQ
2429,남성,004270,815,295,KOSPI
2430,젠큐릭스,229000,1827,294,KOSDAQ
2431,이지트로닉스,377330,3615,294,KOSDAQ
2432,에스앤더블류,103230,4075,293,KOSDAQ
2433,CSA 코스믹,083660,458,288,KOSDAQ
2434,유틸렉스,263050,777,286,KOSDAQ
2435,정원엔시스,045510,888,286,KOSDAQ
2436,딜리,131180,973,286,KOSDAQ
2437,동양에스텍,060380,1446,285,KOSDAQ
2438,조아제약,034940,918,284,KOSDAQ
2439,한울앤제주,276730,1281,284,KOSDAQ
2440,대동스틸,048470,2835,284,KOSDAQ
2441,큐로홀딩스,051780,1098,283,KOSDAQ
2442,밸로프,331520,556,283,KOSDAQ
2443,오스템,031510,1010,283,KOSDAQ
2444,솔트웨어,328380,825,283,KOSDAQ
2445,아우딘퓨쳐스,227610,779,281,KOSDAQ
2446,한세엠케이,069640,627,281,KOSPI
2447,플레이위드,023770,3130,280,KOSDAQ
2448,소프트센,032680,265,280,KOSDAQ
2449,세동,053060,1567,277,KOSDAQ
2450,케이바이오,038530,239,277,KOSDAQ
2451,기산텔레콤,035460,1897,277,KOSDAQ
2452,핀텔,291810,2430,276,KOSDAQ
2453,팜스빌,318010,3480,276,KOSDAQ
2454,한일화학,007770,7860,276,KOSDAQ
2455,코오롱우,002025,23750,276,KOSPI
2456,풍강,093380,2780,275,KOSDAQ
2457,이노룰스,296640,5300,274,KOSDAQ
2458,조이웍스앤코,309930,1120,274,KOSDAQ
2459,모비릭스,348030,2855,274,KOSDAQ
2460,디티앤씨,187220,2340,274,KOSDAQ
2461,대성미생물,036480,7190,273,KOSDAQ
2462,비츠로시스,054220,455,273,KOSDAQ
2463,서산,079650,1363,273,KOSDAQ
2464,티에스넥스젠,043220,1710,272,KOSDAQ
2465,한솔인티큐브,070590,1961,272,KOSDAQ
2466,엑셀세라퓨틱스,373110,1570,272,KOSDAQ
2467,세종메디칼,258830,412,271,KOSDAQ
2468,S&K폴리텍,091340,2315,271,KOSDAQ
2469,에스에너지,095910,1181,270,KOSDAQ
2470,배럴,267790,3515,270,KOSDAQ
2471,아이티아이즈,372800,4455,269,KOSDAQ
2472,호텔신라우,008775,35800,269,KOSPI
2473,진영,285800,1538,269,KOSDAQ
2474,대호특수강,021040,1238,269,KOSDAQ
2475,카스,016920,1013,268,KOSDAQ
2476,동원수산,030720,5760,268,KOSPI
2477,선샤인푸드,217620,3810,268,KOSDAQ
2478,디와이씨,310870,1294,268,KOSDAQ
2479,피앤씨테크,237750,4105,267,KOSDAQ
2480,KB제27호스팩,464680,2060,266,KOSDAQ
2481,엔시트론,101400,376,265,KOSDAQ
2482,제이엠아이,033050,813,265,KOSDAQ
2483,한창,005110,1254,265,KOSPI
2484,주연테크,044380,410,264,KOSPI
2485,아즈텍WB,032080,1229,264,KOSDAQ
2486,휴럼,353190,670,264,KOSDAQ
2487,대한항공우,003495,23750,264,KOSPI
2488,삼보산업,009620,1609,264,KOSDAQ
2489,이스트아시아홀딩스,900110,1000,263,KOSDAQ
2490,유진테크놀로지,240600,3780,262,KOSDAQ
2491,애머릿지,900100,565,260,KOSDAQ
2492,디젠스,113810,796,260,KOSDAQ
2493,핸즈코퍼레이션,143210,1184,259,KOSPI
2494,동성제약,002210,973,259,KOSPI
2495,비피도,238200,3165,259,KOSDAQ
2496,한국정보공학,039740,3220,258,KOSDAQ
2497,E8,418620,1300,258,KOSDAQ
2498,한국정밀기계,101680,3070,258,KOSDAQ
2499,넥스트아이,137940,302,258,KOSDAQ
2500,뉴인텍,012340,480,257,KOSDAQ
2501,시지트로닉스,429270,3965,256,KOSDAQ
2502,바른손이앤에이,035620,343,255,KOSDAQ
2503,피플바이오,304840,1201,255,KOSDAQ
2504,비비안,002070,561,254,KOSPI
2505,스튜디오삼익,415380,2215,253,KOSDAQ
2506,하이퍼코퍼레이션,065650,1900,253,KOSDAQ
2507,TBH글로벌,084870,1209,252,KOSPI
2508,알톤,123750,1974,252,KOSDAQ
2509,진도,088790,2010,250,KOSPI
2510,로지시스,067730,2580,250,KOSDAQ
2511,우리엔터프라이즈,037400,951,249,KOSDAQ
2512,이스타코,015020,580,249,KOSPI
2513,레이저쎌,412350,1900,248,KOSDAQ
2514,지란지교시큐리티,208350,2905,247,KOSDAQ
2515,태원물산,001420,3245,247,KOSPI
2516,비스토스,419540,1070,246,KOSDAQ
2517,넥센타이어1우B,002355,3770,245,KOSPI
2518,본느,226340,583,245,KOSDAQ
2519,네오리진,094860,1009,243,KOSDAQ
2520,BF랩스,139050,2805,242,KOSDAQ
2521,아시아종묘,154030,2010,242,KOSDAQ
2522,세중,039310,1336,242,KOSDAQ
2523,핌스,347770,1055,241,KOSDAQ
2524,윈하이텍,192390,2185,241,KOSDAQ
2525,벨로크,424760,1216,241,KOSDAQ
2526,스코넥,276040,1110,240,KOSDAQ
2527,에이치케이,044780,1294,239,KOSDAQ
2528,지니틱스,303030,644,239,KOSDAQ
2529,휴맥스홀딩스,028080,1890,238,KOSDAQ
2530,바이오인프라,199730,4885,238,KOSDAQ
2531,이노인스트루먼트,215790,589,237,KOSDAQ
2532,롯데지주우,00499K,29450,237,KOSPI
2533,스튜디오산타클로스,204630,4650,237,KOSDAQ
2534,베셀,177350,1201,236,KOSDAQ
2535,대상우,001685,17100,234,KOSPI
2536,스타플렉스,115570,2930,234,KOSDAQ
2537,셀레믹스,331920,2865,234,KOSDAQ
2538,티피씨글로벌,130740,2070,233,KOSDAQ
2539,인바이오,352940,2145,233,KOSDAQ
2540,우진비앤지,018620,806,233,KOSDAQ
2541,에이텀,355690,4305,233,KOSDAQ
2542,에프알텍,073540,2040,233,KOSDAQ
2543,이엘피,063760,2485,232,KOSDAQ
2544,대산F&B,065150,145,231,KOSDAQ
2545,대교우B,019685,1186,230,KOSPI
2546,전진바이오팜,110020,2540,230,KOSDAQ
2547,아이스크림에듀,289010,1637,228,KOSDAQ
2548,패션플랫폼,225590,856,228,KOSDAQ
2549,웰크론한텍,076080,1009,228,KOSDAQ
2550,한탑,002680,703,227,KOSDAQ
2551,인콘,083640,292,227,KOSDAQ
2552,인베니아,079950,3910,227,KOSDAQ
2553,제이케이시냅스,060230,2800,226,KOSDAQ
2554,판타지오,032800,490,225,KOSDAQ
2555,한진칼우,18064K,41950,225,KOSPI
2556,에스티오,098660,1792,224,KOSDAQ
2557,신라에스지,025870,5560,222,KOSDAQ
2558,나노캠텍,091970,590,222,KOSDAQ
2559,삼일,032280,1366,221,KOSDAQ
2560,글로벌에스엠,900070,412,221,KOSDAQ
2561,빌리언스,044480,274,221,KOSDAQ
2562,유디엠텍,389680,531,221,KOSDAQ
2563,디지아이,043360,2420,218,KOSDAQ
2564,녹십자홀딩스2우,005257,25700,217,KOSPI
2565,나노씨엠에스,247660,4990,217,KOSDAQ
2566,이노진,344860,1800,217,KOSDAQ
2567,SHD,001770,17800,216,KOSPI
2568,씨엔플러스,115530,318,216,KOSDAQ
2569,한국유니온제약,080720,2725,216,KOSDAQ
2570,에스디시스템,121890,1620,215,KOSDAQ
2571,플라즈맵,405000,5600,215,KOSDAQ
2572,엑사이엔씨,054940,646,214,KOSDAQ
2573,비유테크놀러지,230980,229,214,KOSDAQ
2574,다산솔루에타,154040,1190,214,KOSDAQ
2575,한국주강,025890,1887,213,KOSPI
2576,인터엠,017250,1014,213,KOSDAQ
2577,파커스,065690,1518,213,KOSDAQ
2578,케스피온,079190,554,212,KOSDAQ
2579,에스폴리텍,050760,1300,212,KOSDAQ
2580,케이피티유,054410,3700,212,KOSDAQ
2581,크린앤사이언스,045520,3225,210,KOSDAQ
2582,삼영에스앤씨,361670,3630,206,KOSDAQ
2583,일정실업,008500,3420,205,KOSPI
2584,아센디오,012170,1882,205,KOSPI
2585,이퓨쳐,134060,4290,205,KOSDAQ
2586,엘디티,096870,2445,204,KOSDAQ
2587,케이이엠텍,106080,708,204,KOSDAQ
2588,메디앙스,014100,1720,203,KOSDAQ
2589,브이씨,365900,2765,202,KOSDAQ
2590,삼진엘앤디,054090,805,201,KOSDAQ
2591,참엔지니어링,009310,1179,200,KOSPI
2592,유비온,084440,1006,198,KOSDAQ
2593,엔에이치스팩30호,466910,2135,194,KOSDAQ
2594,에이엔피,015260,429,194,KOSPI
2595,캐리,313760,1709,192,KOSDAQ
2596,세진티에스,067770,2270,191,KOSDAQ
2597,토박스코리아,215480,2035,187,KOSDAQ
2598,웰킵스하이텍,043590,685,186,KOSDAQ
2599,바이온,032980,604,184,KOSDAQ
2600,원풍물산,008290,446,181,KOSDAQ
2601,듀오백,073190,1514,181,KOSDAQ
2602,지엔코,065060,757,180,KOSDAQ
2603,국일신동,060480,1620,180,KOSDAQ
2604,플루토스,019570,266,179,KOSDAQ
2605,대동금속,020400,5590,178,KOSDAQ
2606,오에스피,368970,1905,178,KOSDAQ
2607,아이씨에이치,368600,1002,176,KOSDAQ
2608,KC그린홀딩스,009440,756,176,KOSPI
2609,윌비스,008600,260,175,KOSPI
2610,에스에스알,275630,2890,174,KOSDAQ
2611,엔피케이,048830,925,173,KOSDAQ
2612,LX하우시스우,108675,16610,171,KOSPI
2613,광진실업,026910,2660,170,KOSDAQ
2614,미래에셋비전스팩4호,477380,2100,170,KOSDAQ
2615,피씨엘,241820,6040,168,KOSDAQ
2616,더코디,224060,3250,168,KOSDAQ
2617,이엠앤아이,083470,782,167,KOSDAQ
2618,에스아이리소스,065420,233,167,KOSDAQ
2619,비케이홀딩스,050090,840,166,KOSDAQ
2620,미래에셋비전스팩7호,482680,2017,166,KOSDAQ
2621,하이트진로2우B,000087,14360,162,KOSPI
2622,넥센우,005725,4480,161,KOSPI
2623,대한제당우,001795,2465,160,KOSPI
2624,스타에스엠리츠,204210,2035,159,KOSPI
2625,노블엠앤비,106520,411,159,KOSDAQ
2626,KD,044180,592,158,KOSDAQ
2627,뷰티스킨,406820,4465,158,KOSDAQ
2628,KB제33호스팩,0072Z0,1994,157,KOSDAQ
2629,골드앤에스,035290,652,155,KOSDAQ
2630,비엘팜텍,065170,579,154,KOSDAQ
2631,예선테크,250930,467,154,KOSDAQ
2632,유아이디,069330,1082,154,KOSDAQ
2633,하나36호스팩,0101C0,1970,152,KOSDAQ
2634,에이치엠씨제7호스팩,477340,2030,152,KOSDAQ
2635,대신밸런스제16호스팩,457630,2085,152,KOSDAQ
2636,CS,065770,785,152,KOSDAQ
2637,하나30호스팩,469880,2080,152,KOSDAQ
2638,드래곤플라이,030350,973,152,KOSDAQ
2639,삼성스팩10호,0044K0,2015,152,KOSDAQ
2640,씨엑스아이,900120,495,149,KOSDAQ
2641,아이톡시,052770,1018,148,KOSDAQ
2642,프로브잇,227100,612,148,KOSDAQ
2643,한국ANKOR유전,152550,208,146,KOSPI
2644,뉴보텍,060260,1075,145,KOSDAQ
2645,삼성스팩12호,0096B0,2205,145,KOSDAQ
2646,케이엠제약,225430,518,144,KOSDAQ
2647,미래에셋비전스팩6호,478440,2075,144,KOSDAQ
2648,유안타제15호스팩,473050,2050,144,KOSDAQ
2649,서울전자통신,027040,206,143,KOSDAQ
2650,한주에이알티,058450,968,143,KOSDAQ
2651,한국제15호스팩,479880,2070,142,KOSDAQ
2652,앤씨앤,092600,563,141,KOSDAQ
2653,파멥신,208340,175,140,KOSDAQ
2654,에이리츠,140910,3130,140,KOSPI
2655,미래에셋비전스팩11호,0099W0,1970,138,KOSDAQ
2656,세니젠,188260,1900,137,KOSDAQ
2657,삼양사우,145995,36900,137,KOSPI
2658,셀레스트라,352770,5250,136,KOSDAQ
2659,키움제11호스팩,489480,2060,136,KOSDAQ
2660,솔루스첨단소재2우B,33637L,3595,136,KOSPI
2661,엔에이치스팩31호,481890,2125,135,KOSDAQ
2662,올리패스,244460,1651,134,KOSDAQ
2663,대신밸런스제17호스팩,471050,2190,133,KOSDAQ
2664,디비금융제13호스팩,489730,2050,130,KOSDAQ
2665,KB제29호스팩,478390,2085,130,KOSDAQ
2666,DB금융스팩12호,477760,2200,128,KOSDAQ
2667,미래에셋비전스팩10호,0097F0,1970,128,KOSDAQ
2668,교보16호스팩,482520,2095,128,KOSDAQ
2669,NPC우,004255,2415,128,KOSPI
2670,IBKS제25호스팩,0099X0,2130,127,KOSDAQ
2671,KB제32호스팩,0037T0,2010,127,KOSDAQ
2672,메디콕스,054180,2295,127,KOSDAQ
2673,미래에셋비전스팩8호,0093G0,1979,127,KOSDAQ
2674,LX홀딩스1우,38380K,8630,126,KOSPI
2675,JW중외제약2우B,001067,59900,126,KOSPI
2676,KB제31호스팩,492220,2025,126,KOSDAQ
2677,엔에이치스팩32호,0054V0,1998,124,KOSDAQ
2678,대상홀딩스우,084695,13550,124,KOSPI
2679,신영스팩11호,0091W0,2035,123,KOSDAQ
2680,대신밸런스제19호스팩,482690,2195,123,KOSDAQ
2681,삼영이엔씨,065570,764,123,KOSDAQ
2682,하나35호스팩,0041L0,2005,121,KOSDAQ
2683,코이즈,121850,3935,120,KOSDAQ
2684,디에이치엑스컴퍼니,031860,625,119,KOSDAQ
2685,해성산업1우,03481K,8520,118,KOSDAQ
2686,삼성스팩11호,0071M0,2045,118,KOSDAQ
2687,신한제14호스팩,487360,2075,117,KOSDAQ
2688,비엔케이제2호스팩,473370,2775,117,KOSDAQ
2689,메리츠제1호스팩,0088D0,2010,116,KOSDAQ
2690,미래에셋비전스팩5호,477470,2120,116,KOSDAQ
2691,신한제12호스팩,474660,2100,116,KOSDAQ
2692,하나31호스팩,469900,2060,115,KOSDAQ
2693,스타코링크,060240,1976,115,KOSDAQ
2694,신한제16호스팩,496070,2030,114,KOSDAQ
2695,하나29호스팩,454640,2105,114,KOSDAQ
2696,유진스팩12호,0105P0,1995,113,KOSDAQ
2697,유안타제16호스팩,474490,2035,112,KOSDAQ
2698,대덕1우,00806K,9120,111,KOSPI
2699,교보17호스팩,489210,2130,110,KOSDAQ
2700,KB제30호스팩,486630,2075,110,KOSDAQ
2701,유유제약1우,000225,4860,110,KOSPI
2702,교보19호스팩,0098T0,2030,110,KOSDAQ
2703,유안타제11호스팩,444920,2085,109,KOSDAQ
2704,미래에셋비전스팩9호,0096D0,1975,109,KOSDAQ
2705,상상인제4호스팩,452670,2080,109,KOSDAQ
2706,디비금융제14호스팩,0004Y0,2030,108,KOSDAQ
2707,태양금속우,004105,3265,108,KOSPI
2708,코오롱글로벌우,003075,14540,108,KOSPI
2709,유안타제17호스팩,493790,2005,106,KOSDAQ
2710,하이제8호스팩,450050,2110,106,KOSDAQ
2711,한화플러스제4호스팩,455310,2080,105,KOSDAQ
2712,에스케이증권제9호스팩,455910,2095,105,KOSDAQ
2713,교보18호스팩,0041B0,2070,104,KOSDAQ
2714,신영스팩10호,472220,2195,103,KOSDAQ
2715,유안타제12호스팩,446150,2135,102,KOSDAQ
2716,계양전기우,012205,8710,102,KOSPI
2717,키움히어로제1호스팩,466690,1996,102,KOSDAQ
2718,코리아써키트2우B,00781K,12960,102,KOSPI
2719,이베스트스팩6호,478110,2020,101,KOSDAQ
2720,한화플러스제5호스팩,498390,2010,100,KOSDAQ
2721,덕성우,004835,7100,99,KOSPI
2722,JW중외제약우,001065,28400,97,KOSPI
2723,유진스팩11호,488060,2050,97,KOSDAQ
2724,한양증권우,001755,18350,96,KOSPI
2725,유안타제14호스팩,450940,2100,95,KOSDAQ
2726,IBKS제24호스팩,469480,2250,95,KOSDAQ
2727,IBKS제23호스팩,467930,2240,95,KOSDAQ
2728,대원전선우,006345,3605,94,KOSPI
2729,SK증권우,001515,2405,94,KOSPI
2730,하나34호스팩,484130,2060,93,KOSDAQ
2731,신한제15호스팩,487830,2095,91,KOSDAQ
2732,한국제13호스팩,464440,2105,91,KOSDAQ
2733,KB제25호스팩,455250,2100,90,KOSDAQ
2734,에이치엠씨제6호스팩,462020,2080,90,KOSDAQ
2735,에스케이증권제13호스팩,473950,2040,90,KOSDAQ
2736,유진스팩10호,468760,2115,90,KOSDAQ
2737,교보15호스팩,465320,2335,89,KOSDAQ
2738,교보14호스팩,456490,2105,88,KOSDAQ
2739,키움제10호스팩,487720,2090,88,KOSDAQ
2740,한국제12호스팩,458610,2085,88,KOSDAQ
2741,비엔케이제3호스팩,0068Y0,1988,86,KOSDAQ
2742,에스케이증권제11호스팩,472230,2055,85,KOSDAQ
2743,엘에스스팩1호,0041J0,2000,82,KOSDAQ
2744,성신양회우,004985,11090,82,KOSPI
2745,신한제13호스팩,474930,2155,78,KOSDAQ
2746,하나33호스팩,475250,2100,78,KOSDAQ
2747,투비소프트,079970,596,76,KOSDAQ
2748,노루홀딩스우,000325,31000,76,KOSPI
2749,크라운제과우,26490K,9390,73,KOSPI
2750,에스케이증권제10호스팩,457940,2087,69,KOSDAQ
2751,에스케이증권제12호스팩,473000,2045,68,KOSDAQ
2752,하나32호스팩,475240,2110,68,KOSDAQ
2753,태영건설우,009415,9650,63,KOSPI
2754,노루페인트우,090355,12480,58,KOSPI
2755,일양약품우,007575,12980,58,KOSPI
2756,하이트진로홀딩스우,000145,12220,58,KOSPI
2757,흥국화재우,000545,6950,53,KOSPI
2758,금호건설우,002995,17850,52,KOSPI
2759,티와이홀딩스우,36328K,4195,52,KOSPI
2760,아이엠,101390,396,51,KOSDAQ
2761,금강공업우,014285,8250,49,KOSPI
2762,남선알미우,008355,15600,48,KOSPI
2763,더테크놀로지,043090,380,47,KOSDAQ
2764,크라운해태홀딩스우,005745,7770,47,KOSPI
2765,동원시스템즈우,014825,17000,45,KOSPI
2766,동부건설우,005965,19800,45,KOSPI
2767,깨끗한나라우,004545,11530,42,KOSPI
2768,유유제약2우B,000227,10900,35,KOSPI
2769,성문전자우,014915,5230,31,KOSPI
2770,동양우,001525,5030,31,KOSPI
2771,인트로메딕,150840,70,30,KOSDAQ
2772,CJ씨푸드1우,011155,15030,30,KOSPI
2773,진흥기업우B,002785,3445,30,KOSPI
2774,동양2우B,001527,9050,28,KOSPI
2775,서울식품우,004415,1237,28,KOSPI
2776,웰바이오텍,010600,30,27,KOSPI
2777,진흥기업2우B,002787,8320,25,KOSPI
2778,대호특수강우,021045,2825,24,KOSDAQ
2779,소프트센우,032685,6700,24,KOSDAQ
2780,국보,001140,62,10,KOSPI
2781,푸른소나무,057880,19,5,KOSDAQ
